--------------------------------------------------------
--  文件已创建 - 星期六-九月-19-2020   
--------------------------------------------------------
REM INSERTING into CITE
SET DEFINE OFF;
REM INSERTING into COMPANY
SET DEFINE OFF;
Insert into COMPANY (NAME,ADDRESS,ABSTRACT) values ('阿莫科公司',null,null);
Insert into COMPANY (NAME,ADDRESS,ABSTRACT) values ('中原信达知识产权代理有限责任公司',null,null);
Insert into COMPANY (NAME,ADDRESS,ABSTRACT) values ('江苏樱之花科技发展有限公司',null,null);
Insert into COMPANY (NAME,ADDRESS,ABSTRACT) values ('胜利油田东方鹏达非金属制品有限公司',null,null);
Insert into COMPANY (NAME,ADDRESS,ABSTRACT) values ('苏州英俊科技有限公司',null,null);
Insert into COMPANY (NAME,ADDRESS,ABSTRACT) values ('吉林省帅气塑料研究有限公司',null,null);
Insert into COMPANY (NAME,ADDRESS,ABSTRACT) values ('吉林省塑料研究有限公司',null,null);
Insert into COMPANY (NAME,ADDRESS,ABSTRACT) values ('惠州志和包装材料有限公司',null,null);
Insert into COMPANY (NAME,ADDRESS,ABSTRACT) values ('中铁一局集团有限公司',null,null);
Insert into COMPANY (NAME,ADDRESS,ABSTRACT) values ('中钢集团耐火材料有限公司',null,null);
Insert into COMPANY (NAME,ADDRESS,ABSTRACT) values ('快客智能装备有限公司',null,null);
Insert into COMPANY (NAME,ADDRESS,ABSTRACT) values ('大连理工江苏研究院有限公司',null,null);
REM INSERTING into FEEDBACK
SET DEFINE OFF;
REM INSERTING into CLASSIFICATION
SET DEFINE OFF;
Insert into CLASSIFICATION (CODE,SEC_TITLE,CLASS_TITLE,SUBCLASS_TITLE,GROUP_TITLE,SUBGROUP_TITLE) values ('G01V1/28','物理','测量；测试','地球物理；重力测量；物质或物体的探测；示踪物（用于指示因事故被掩埋的人的位置，例如，被雪掩埋的人的位置的装置入A63B29/02）〔4，6〕','地震学；地震或声学的勘探或探测','.地震数据的处理，例如，分析、用于解释、用于校正（G01V1/48优先）〔6〕');
Insert into CLASSIFICATION (CODE,SEC_TITLE,CLASS_TITLE,SUBCLASS_TITLE,GROUP_TITLE,SUBGROUP_TITLE) values ('G06F30/13','物理','计算；推算；计数','电数字数据处理','用于将所要处理的数据转变成为计算机能够处理的形式的输入装置r用于将数据从处理机传送到输出设备的输出装置','暂无');
Insert into CLASSIFICATION (CODE,SEC_TITLE,CLASS_TITLE,SUBCLASS_TITLE,GROUP_TITLE,SUBGROUP_TITLE) values ('G06F30/14','物理','计算；推算；计数','电数字数据处理','用于将所要处理的数据转变成为计算机能够处理的形式的输入装置r用于将数据从处理机传送到输出设备的输出装置','暂无');
Insert into CLASSIFICATION (CODE,SEC_TITLE,CLASS_TITLE,SUBCLASS_TITLE,GROUP_TITLE,SUBGROUP_TITLE) values ('G06F30/15','物理','计算；推算；计数','电数字数据处理','用于将所要处理的数据转变成为计算机能够处理的形式的输入装置r用于将数据从处理机传送到输出设备的输出装置','暂无');
Insert into CLASSIFICATION (CODE,SEC_TITLE,CLASS_TITLE,SUBCLASS_TITLE,GROUP_TITLE,SUBGROUP_TITLE) values ('G06F30/16','物理','计算；推算；计数','电数字数据处理','用于将所要处理的数据转变成为计算机能够处理的形式的输入装置r用于将数据从处理机传送到输出设备的输出装置','暂无');
Insert into CLASSIFICATION (CODE,SEC_TITLE,CLASS_TITLE,SUBCLASS_TITLE,GROUP_TITLE,SUBGROUP_TITLE) values ('G06F30/17','物理','计算；推算；计数','电数字数据处理','用于将所要处理的数据转变成为计算机能够处理的形式的输入装置r用于将数据从处理机传送到输出设备的输出装置','暂无');
Insert into CLASSIFICATION (CODE,SEC_TITLE,CLASS_TITLE,SUBCLASS_TITLE,GROUP_TITLE,SUBGROUP_TITLE) values ('G06F30/18','物理','计算；推算；计数','电数字数据处理','用于将所要处理的数据转变成为计算机能够处理的形式的输入装置r用于将数据从处理机传送到输出设备的输出装置','暂无');
Insert into CLASSIFICATION (CODE,SEC_TITLE,CLASS_TITLE,SUBCLASS_TITLE,GROUP_TITLE,SUBGROUP_TITLE) values ('G06F30/19','物理','计算；推算；计数','电数字数据处理','用于将所要处理的数据转变成为计算机能够处理的形式的输入装置r用于将数据从处理机传送到输出设备的输出装置','暂无');
Insert into CLASSIFICATION (CODE,SEC_TITLE,CLASS_TITLE,SUBCLASS_TITLE,GROUP_TITLE,SUBGROUP_TITLE) values ('G06F30/20','物理','计算；推算；计数','电数字数据处理','用于将所要处理的数据转变成为计算机能够处理的形式的输入装置r用于将数据从处理机传送到输出设备的输出装置','暂无');
Insert into CLASSIFICATION (CODE,SEC_TITLE,CLASS_TITLE,SUBCLASS_TITLE,GROUP_TITLE,SUBGROUP_TITLE) values ('G06F30/21','物理','计算；推算；计数','电数字数据处理','用于将所要处理的数据转变成为计算机能够处理的形式的输入装置r用于将数据从处理机传送到输出设备的输出装置','暂无');
Insert into CLASSIFICATION (CODE,SEC_TITLE,CLASS_TITLE,SUBCLASS_TITLE,GROUP_TITLE,SUBGROUP_TITLE) values ('G06F30/22','物理','计算；推算；计数','电数字数据处理','用于将所要处理的数据转变成为计算机能够处理的形式的输入装置r用于将数据从处理机传送到输出设备的输出装置','暂无');
Insert into CLASSIFICATION (CODE,SEC_TITLE,CLASS_TITLE,SUBCLASS_TITLE,GROUP_TITLE,SUBGROUP_TITLE) values ('G06F30/23','物理','计算；推算；计数','电数字数据处理','用于将所要处理的数据转变成为计算机能够处理的形式的输入装置r用于将数据从处理机传送到输出设备的输出装置','暂无');
Insert into CLASSIFICATION (CODE,SEC_TITLE,CLASS_TITLE,SUBCLASS_TITLE,GROUP_TITLE,SUBGROUP_TITLE) values ('G06F30/24','物理','计算；推算；计数','电数字数据处理','用于将所要处理的数据转变成为计算机能够处理的形式的输入装置r用于将数据从处理机传送到输出设备的输出装置','暂无');
Insert into CLASSIFICATION (CODE,SEC_TITLE,CLASS_TITLE,SUBCLASS_TITLE,GROUP_TITLE,SUBGROUP_TITLE) values ('G06F30/25','物理','计算；推算；计数','电数字数据处理','用于将所要处理的数据转变成为计算机能够处理的形式的输入装置r用于将数据从处理机传送到输出设备的输出装置','暂无');
Insert into CLASSIFICATION (CODE,SEC_TITLE,CLASS_TITLE,SUBCLASS_TITLE,GROUP_TITLE,SUBGROUP_TITLE) values ('G06F30/26','物理','计算；推算；计数','电数字数据处理','用于将所要处理的数据转变成为计算机能够处理的形式的输入装置r用于将数据从处理机传送到输出设备的输出装置','暂无');
Insert into CLASSIFICATION (CODE,SEC_TITLE,CLASS_TITLE,SUBCLASS_TITLE,GROUP_TITLE,SUBGROUP_TITLE) values ('G06F30/27','物理','计算；推算；计数','电数字数据处理','用于将所要处理的数据转变成为计算机能够处理的形式的输入装置r用于将数据从处理机传送到输出设备的输出装置','暂无');
Insert into CLASSIFICATION (CODE,SEC_TITLE,CLASS_TITLE,SUBCLASS_TITLE,GROUP_TITLE,SUBGROUP_TITLE) values ('G06F30/28','物理','计算；推算；计数','电数字数据处理','用于将所要处理的数据转变成为计算机能够处理的形式的输入装置r用于将数据从处理机传送到输出设备的输出装置','暂无');
Insert into CLASSIFICATION (CODE,SEC_TITLE,CLASS_TITLE,SUBCLASS_TITLE,GROUP_TITLE,SUBGROUP_TITLE) values ('G06F30/29','物理','计算；推算；计数','电数字数据处理','用于将所要处理的数据转变成为计算机能够处理的形式的输入装置r用于将数据从处理机传送到输出设备的输出装置','暂无');
Insert into CLASSIFICATION (CODE,SEC_TITLE,CLASS_TITLE,SUBCLASS_TITLE,GROUP_TITLE,SUBGROUP_TITLE) values ('G06F30/30','物理','计算；推算；计数','电数字数据处理','用于将所要处理的数据转变成为计算机能够处理的形式的输入装置r用于将数据从处理机传送到输出设备的输出装置','暂无');
Insert into CLASSIFICATION (CODE,SEC_TITLE,CLASS_TITLE,SUBCLASS_TITLE,GROUP_TITLE,SUBGROUP_TITLE) values ('G06F30/31','物理','计算；推算；计数','电数字数据处理','用于将所要处理的数据转变成为计算机能够处理的形式的输入装置r用于将数据从处理机传送到输出设备的输出装置','暂无');
Insert into CLASSIFICATION (CODE,SEC_TITLE,CLASS_TITLE,SUBCLASS_TITLE,GROUP_TITLE,SUBGROUP_TITLE) values ('H01Q1/36??','电学','基本电器元件','天线','天线零部件或与天线结合的装置','辐射单元的结构形式，例如锥形、螺旋形、伞形(HO1Q 1/08，HO1Q 1/14优先)');
Insert into CLASSIFICATION (CODE,SEC_TITLE,CLASS_TITLE,SUBCLASS_TITLE,GROUP_TITLE,SUBGROUP_TITLE) values ('H01Q1/37??','电学','基本电器元件','天线','天线零部件或与天线结合的装置','暂无');
Insert into CLASSIFICATION (CODE,SEC_TITLE,CLASS_TITLE,SUBCLASS_TITLE,GROUP_TITLE,SUBGROUP_TITLE) values ('H01Q1/38??','电学','基本电器元件','天线','天线零部件或与天线结合的装置','在绝缘支架上由导电层构成的（一股导电体入HO1B 5/14)');
Insert into CLASSIFICATION (CODE,SEC_TITLE,CLASS_TITLE,SUBCLASS_TITLE,GROUP_TITLE,SUBGROUP_TITLE) values ('H01Q1/39??','电学','基本电器元件','天线','天线零部件或与天线结合的装置','暂无');
Insert into CLASSIFICATION (CODE,SEC_TITLE,CLASS_TITLE,SUBCLASS_TITLE,GROUP_TITLE,SUBGROUP_TITLE) values ('H01Q1/40??','电学','基本电器元件','天线','天线零部件或与天线结合的装置','涂以或镶入保护材料的辐射单元');
Insert into CLASSIFICATION (CODE,SEC_TITLE,CLASS_TITLE,SUBCLASS_TITLE,GROUP_TITLE,SUBGROUP_TITLE) values ('H01Q1/41??','电学','基本电器元件','天线','天线零部件或与天线结合的装置','暂无');
Insert into CLASSIFICATION (CODE,SEC_TITLE,CLASS_TITLE,SUBCLASS_TITLE,GROUP_TITLE,SUBGROUP_TITLE) values ('H01Q1/42??','电学','基本电器元件','天线','天线零部件或与天线结合的装置','与辐射单元非紧密地机械联结的外罩，例如天线罩');
Insert into CLASSIFICATION (CODE,SEC_TITLE,CLASS_TITLE,SUBCLASS_TITLE,GROUP_TITLE,SUBGROUP_TITLE) values ('H01Q1/43??','电学','基本电器元件','天线','天线零部件或与天线结合的装置','暂无');
Insert into CLASSIFICATION (CODE,SEC_TITLE,CLASS_TITLE,SUBCLASS_TITLE,GROUP_TITLE,SUBGROUP_TITLE) values ('H01Q1/44??','电学','基本电器元件','天线','天线零部件或与天线结合的装置','所用装置有其他主要功能而附带用作天线的(H01Q 1/28至H01Q 1/34优先〕');
Insert into CLASSIFICATION (CODE,SEC_TITLE,CLASS_TITLE,SUBCLASS_TITLE,GROUP_TITLE,SUBGROUP_TITLE) values ('H01Q1/45??','电学','基本电器元件','天线','天线零部件或与天线结合的装置','暂无');
Insert into CLASSIFICATION (CODE,SEC_TITLE,CLASS_TITLE,SUBCLASS_TITLE,GROUP_TITLE,SUBGROUP_TITLE) values ('H01Q1/46??','电学','基本电器元件','天线','天线零部件或与天线结合的装置','供电线路或通信线路');
Insert into CLASSIFICATION (CODE,SEC_TITLE,CLASS_TITLE,SUBCLASS_TITLE,GROUP_TITLE,SUBGROUP_TITLE) values ('H01Q1/47??','电学','基本电器元件','天线','天线零部件或与天线结合的装置','暂无');
Insert into CLASSIFICATION (CODE,SEC_TITLE,CLASS_TITLE,SUBCLASS_TITLE,GROUP_TITLE,SUBGROUP_TITLE) values ('H01Q1/48??','电学','基本电器元件','天线','天线零部件或与天线结合的装置','接地装置r接地屏蔽;接地地网〔接地棒入HO1R4/66 )');
Insert into CLASSIFICATION (CODE,SEC_TITLE,CLASS_TITLE,SUBCLASS_TITLE,GROUP_TITLE,SUBGROUP_TITLE) values ('H01Q1/49??','电学','基本电器元件','天线','天线零部件或与天线结合的装置','暂无');
Insert into CLASSIFICATION (CODE,SEC_TITLE,CLASS_TITLE,SUBCLASS_TITLE,GROUP_TITLE,SUBGROUP_TITLE) values ('H01Q1/50??','电学','基本电器元件','天线','天线零部件或与天线结合的装置','天线与接地开关、引入装置或避雷器的结构联结(引入装置入H01B;避雷器，开关入HO1H)');
Insert into CLASSIFICATION (CODE,SEC_TITLE,CLASS_TITLE,SUBCLASS_TITLE,GROUP_TITLE,SUBGROUP_TITLE) values ('H01Q1/51??','电学','基本电器元件','天线','天线零部件或与天线结合的装置','暂无');
Insert into CLASSIFICATION (CODE,SEC_TITLE,CLASS_TITLE,SUBCLASS_TITLE,GROUP_TITLE,SUBGROUP_TITLE) values ('H01Q1/52??','电学','基本电器元件','天线','天线零部件或与天线结合的装置','减少天线之间耦合的装置;减少天线与其他结构之间耦合的装置（吸收装置入H01Q17/00)');
Insert into CLASSIFICATION (CODE,SEC_TITLE,CLASS_TITLE,SUBCLASS_TITLE,GROUP_TITLE,SUBGROUP_TITLE) values ('H01Q1/53??','电学','基本电器元件','天线','天线零部件或与天线结合的装置','暂无');
Insert into CLASSIFICATION (CODE,SEC_TITLE,CLASS_TITLE,SUBCLASS_TITLE,GROUP_TITLE,SUBGROUP_TITLE) values ('H01Q1/54??','电学','基本电器元件','天线','天线零部件或与天线结合的装置','暂无');
Insert into CLASSIFICATION (CODE,SEC_TITLE,CLASS_TITLE,SUBCLASS_TITLE,GROUP_TITLE,SUBGROUP_TITLE) values ('H01Q1/55??','电学','基本电器元件','天线','天线零部件或与天线结合的装置','暂无');
Insert into CLASSIFICATION (CODE,SEC_TITLE,CLASS_TITLE,SUBCLASS_TITLE,GROUP_TITLE,SUBGROUP_TITLE) values ('H01Q1/56??','电学','基本电器元件','天线','天线零部件或与天线结合的装置','暂无');
Insert into CLASSIFICATION (CODE,SEC_TITLE,CLASS_TITLE,SUBCLASS_TITLE,GROUP_TITLE,SUBGROUP_TITLE) values ('H01Q1/57??','电学','基本电器元件','天线','天线零部件或与天线结合的装置','暂无');
Insert into CLASSIFICATION (CODE,SEC_TITLE,CLASS_TITLE,SUBCLASS_TITLE,GROUP_TITLE,SUBGROUP_TITLE) values ('H01Q1/58??','电学','基本电器元件','天线','天线零部件或与天线结合的装置','暂无');
Insert into CLASSIFICATION (CODE,SEC_TITLE,CLASS_TITLE,SUBCLASS_TITLE,GROUP_TITLE,SUBGROUP_TITLE) values ('H01Q1/59??','电学','基本电器元件','天线','天线零部件或与天线结合的装置','暂无');
Insert into CLASSIFICATION (CODE,SEC_TITLE,CLASS_TITLE,SUBCLASS_TITLE,GROUP_TITLE,SUBGROUP_TITLE) values ('H01Q1/60??','电学','基本电器元件','天线','天线零部件或与天线结合的装置','暂无');
Insert into CLASSIFICATION (CODE,SEC_TITLE,CLASS_TITLE,SUBCLASS_TITLE,GROUP_TITLE,SUBGROUP_TITLE) values ('H01Q1/61??','电学','基本电器元件','天线','天线零部件或与天线结合的装置','暂无');
Insert into CLASSIFICATION (CODE,SEC_TITLE,CLASS_TITLE,SUBCLASS_TITLE,GROUP_TITLE,SUBGROUP_TITLE) values ('H01Q1/62??','电学','基本电器元件','天线','天线零部件或与天线结合的装置','暂无');
Insert into CLASSIFICATION (CODE,SEC_TITLE,CLASS_TITLE,SUBCLASS_TITLE,GROUP_TITLE,SUBGROUP_TITLE) values ('B60L53/31??','作业；运输','一般车辆','电动车辆的电力装备或动力装置r用于车辆的磁力悬置或悬浮r一般车用电力制动系统','暂无','暂无');
Insert into CLASSIFICATION (CODE,SEC_TITLE,CLASS_TITLE,SUBCLASS_TITLE,GROUP_TITLE,SUBGROUP_TITLE) values ('B60L53/32??','作业；运输','一般车辆','电动车辆的电力装备或动力装置r用于车辆的磁力悬置或悬浮r一般车用电力制动系统','暂无','暂无');
Insert into CLASSIFICATION (CODE,SEC_TITLE,CLASS_TITLE,SUBCLASS_TITLE,GROUP_TITLE,SUBGROUP_TITLE) values ('B60L53/33??','作业；运输','一般车辆','电动车辆的电力装备或动力装置r用于车辆的磁力悬置或悬浮r一般车用电力制动系统','暂无','暂无');
Insert into CLASSIFICATION (CODE,SEC_TITLE,CLASS_TITLE,SUBCLASS_TITLE,GROUP_TITLE,SUBGROUP_TITLE) values ('B60L53/34??','作业；运输','一般车辆','电动车辆的电力装备或动力装置r用于车辆的磁力悬置或悬浮r一般车用电力制动系统','暂无','暂无');
Insert into CLASSIFICATION (CODE,SEC_TITLE,CLASS_TITLE,SUBCLASS_TITLE,GROUP_TITLE,SUBGROUP_TITLE) values ('B60L53/35??','作业；运输','一般车辆','电动车辆的电力装备或动力装置r用于车辆的磁力悬置或悬浮r一般车用电力制动系统','暂无','暂无');
Insert into CLASSIFICATION (CODE,SEC_TITLE,CLASS_TITLE,SUBCLASS_TITLE,GROUP_TITLE,SUBGROUP_TITLE) values ('B60L53/36??','作业；运输','一般车辆','电动车辆的电力装备或动力装置r用于车辆的磁力悬置或悬浮r一般车用电力制动系统','暂无','暂无');
Insert into CLASSIFICATION (CODE,SEC_TITLE,CLASS_TITLE,SUBCLASS_TITLE,GROUP_TITLE,SUBGROUP_TITLE) values ('B60L53/37??','作业；运输','一般车辆','电动车辆的电力装备或动力装置r用于车辆的磁力悬置或悬浮r一般车用电力制动系统','暂无','暂无');
Insert into CLASSIFICATION (CODE,SEC_TITLE,CLASS_TITLE,SUBCLASS_TITLE,GROUP_TITLE,SUBGROUP_TITLE) values ('B60L53/38??','作业；运输','一般车辆','电动车辆的电力装备或动力装置r用于车辆的磁力悬置或悬浮r一般车用电力制动系统','暂无','暂无');
Insert into CLASSIFICATION (CODE,SEC_TITLE,CLASS_TITLE,SUBCLASS_TITLE,GROUP_TITLE,SUBGROUP_TITLE) values ('B60L53/39??','作业；运输','一般车辆','电动车辆的电力装备或动力装置r用于车辆的磁力悬置或悬浮r一般车用电力制动系统','暂无','暂无');
Insert into CLASSIFICATION (CODE,SEC_TITLE,CLASS_TITLE,SUBCLASS_TITLE,GROUP_TITLE,SUBGROUP_TITLE) values ('B60L53/40??','作业；运输','一般车辆','电动车辆的电力装备或动力装置r用于车辆的磁力悬置或悬浮r一般车用电力制动系统','暂无','暂无');
Insert into CLASSIFICATION (CODE,SEC_TITLE,CLASS_TITLE,SUBCLASS_TITLE,GROUP_TITLE,SUBGROUP_TITLE) values ('B60L53/41??','作业；运输','一般车辆','电动车辆的电力装备或动力装置r用于车辆的磁力悬置或悬浮r一般车用电力制动系统','暂无','暂无');
Insert into CLASSIFICATION (CODE,SEC_TITLE,CLASS_TITLE,SUBCLASS_TITLE,GROUP_TITLE,SUBGROUP_TITLE) values ('B60L53/42??','作业；运输','一般车辆','电动车辆的电力装备或动力装置r用于车辆的磁力悬置或悬浮r一般车用电力制动系统','暂无','暂无');
Insert into CLASSIFICATION (CODE,SEC_TITLE,CLASS_TITLE,SUBCLASS_TITLE,GROUP_TITLE,SUBGROUP_TITLE) values ('B60L53/43??','作业；运输','一般车辆','电动车辆的电力装备或动力装置r用于车辆的磁力悬置或悬浮r一般车用电力制动系统','暂无','暂无');
Insert into CLASSIFICATION (CODE,SEC_TITLE,CLASS_TITLE,SUBCLASS_TITLE,GROUP_TITLE,SUBGROUP_TITLE) values ('B60L53/44??','作业；运输','一般车辆','电动车辆的电力装备或动力装置r用于车辆的磁力悬置或悬浮r一般车用电力制动系统','暂无','暂无');
Insert into CLASSIFICATION (CODE,SEC_TITLE,CLASS_TITLE,SUBCLASS_TITLE,GROUP_TITLE,SUBGROUP_TITLE) values ('B60L53/45??','作业；运输','一般车辆','电动车辆的电力装备或动力装置r用于车辆的磁力悬置或悬浮r一般车用电力制动系统','暂无','暂无');
Insert into CLASSIFICATION (CODE,SEC_TITLE,CLASS_TITLE,SUBCLASS_TITLE,GROUP_TITLE,SUBGROUP_TITLE) values ('B60L53/46??','作业；运输','一般车辆','电动车辆的电力装备或动力装置r用于车辆的磁力悬置或悬浮r一般车用电力制动系统','暂无','暂无');
Insert into CLASSIFICATION (CODE,SEC_TITLE,CLASS_TITLE,SUBCLASS_TITLE,GROUP_TITLE,SUBGROUP_TITLE) values ('B60L53/47??','作业；运输','一般车辆','电动车辆的电力装备或动力装置r用于车辆的磁力悬置或悬浮r一般车用电力制动系统','暂无','暂无');
Insert into CLASSIFICATION (CODE,SEC_TITLE,CLASS_TITLE,SUBCLASS_TITLE,GROUP_TITLE,SUBGROUP_TITLE) values ('B60L53/48??','作业；运输','一般车辆','电动车辆的电力装备或动力装置r用于车辆的磁力悬置或悬浮r一般车用电力制动系统','暂无','暂无');
Insert into CLASSIFICATION (CODE,SEC_TITLE,CLASS_TITLE,SUBCLASS_TITLE,GROUP_TITLE,SUBGROUP_TITLE) values ('B60L53/49??','作业；运输','一般车辆','电动车辆的电力装备或动力装置r用于车辆的磁力悬置或悬浮r一般车用电力制动系统','暂无','暂无');
Insert into CLASSIFICATION (CODE,SEC_TITLE,CLASS_TITLE,SUBCLASS_TITLE,GROUP_TITLE,SUBGROUP_TITLE) values ('B60L53/50??','作业；运输','一般车辆','电动车辆的电力装备或动力装置r用于车辆的磁力悬置或悬浮r一般车用电力制动系统','暂无','暂无');
Insert into CLASSIFICATION (CODE,SEC_TITLE,CLASS_TITLE,SUBCLASS_TITLE,GROUP_TITLE,SUBGROUP_TITLE) values ('B60L53/51??','作业；运输','一般车辆','电动车辆的电力装备或动力装置r用于车辆的磁力悬置或悬浮r一般车用电力制动系统','暂无','暂无');
Insert into CLASSIFICATION (CODE,SEC_TITLE,CLASS_TITLE,SUBCLASS_TITLE,GROUP_TITLE,SUBGROUP_TITLE) values ('B60L53/52??','作业；运输','一般车辆','电动车辆的电力装备或动力装置r用于车辆的磁力悬置或悬浮r一般车用电力制动系统','暂无','暂无');
Insert into CLASSIFICATION (CODE,SEC_TITLE,CLASS_TITLE,SUBCLASS_TITLE,GROUP_TITLE,SUBGROUP_TITLE) values ('B60L53/53??','作业；运输','一般车辆','电动车辆的电力装备或动力装置r用于车辆的磁力悬置或悬浮r一般车用电力制动系统','暂无','暂无');
Insert into CLASSIFICATION (CODE,SEC_TITLE,CLASS_TITLE,SUBCLASS_TITLE,GROUP_TITLE,SUBGROUP_TITLE) values ('B60L53/54??','作业；运输','一般车辆','电动车辆的电力装备或动力装置r用于车辆的磁力悬置或悬浮r一般车用电力制动系统','暂无','暂无');
Insert into CLASSIFICATION (CODE,SEC_TITLE,CLASS_TITLE,SUBCLASS_TITLE,GROUP_TITLE,SUBGROUP_TITLE) values ('B60L53/55??','作业；运输','一般车辆','电动车辆的电力装备或动力装置r用于车辆的磁力悬置或悬浮r一般车用电力制动系统','暂无','暂无');
Insert into CLASSIFICATION (CODE,SEC_TITLE,CLASS_TITLE,SUBCLASS_TITLE,GROUP_TITLE,SUBGROUP_TITLE) values ('B60L53/56??','作业；运输','一般车辆','电动车辆的电力装备或动力装置r用于车辆的磁力悬置或悬浮r一般车用电力制动系统','暂无','暂无');
Insert into CLASSIFICATION (CODE,SEC_TITLE,CLASS_TITLE,SUBCLASS_TITLE,GROUP_TITLE,SUBGROUP_TITLE) values ('B60L53/57??','作业；运输','一般车辆','电动车辆的电力装备或动力装置r用于车辆的磁力悬置或悬浮r一般车用电力制动系统','暂无','暂无');
Insert into CLASSIFICATION (CODE,SEC_TITLE,CLASS_TITLE,SUBCLASS_TITLE,GROUP_TITLE,SUBGROUP_TITLE) values ('B60L53/58??','作业；运输','一般车辆','电动车辆的电力装备或动力装置r用于车辆的磁力悬置或悬浮r一般车用电力制动系统','暂无','暂无');
Insert into CLASSIFICATION (CODE,SEC_TITLE,CLASS_TITLE,SUBCLASS_TITLE,GROUP_TITLE,SUBGROUP_TITLE) values ('B60L53/59??','作业；运输','一般车辆','电动车辆的电力装备或动力装置r用于车辆的磁力悬置或悬浮r一般车用电力制动系统','暂无','暂无');
Insert into CLASSIFICATION (CODE,SEC_TITLE,CLASS_TITLE,SUBCLASS_TITLE,GROUP_TITLE,SUBGROUP_TITLE) values ('B60L53/60??','作业；运输','一般车辆','电动车辆的电力装备或动力装置r用于车辆的磁力悬置或悬浮r一般车用电力制动系统','暂无','暂无');
Insert into CLASSIFICATION (CODE,SEC_TITLE,CLASS_TITLE,SUBCLASS_TITLE,GROUP_TITLE,SUBGROUP_TITLE) values ('B60L53/61??','作业；运输','一般车辆','电动车辆的电力装备或动力装置r用于车辆的磁力悬置或悬浮r一般车用电力制动系统','暂无','暂无');
Insert into CLASSIFICATION (CODE,SEC_TITLE,CLASS_TITLE,SUBCLASS_TITLE,GROUP_TITLE,SUBGROUP_TITLE) values ('B60L53/62??','作业；运输','一般车辆','电动车辆的电力装备或动力装置r用于车辆的磁力悬置或悬浮r一般车用电力制动系统','暂无','暂无');
Insert into CLASSIFICATION (CODE,SEC_TITLE,CLASS_TITLE,SUBCLASS_TITLE,GROUP_TITLE,SUBGROUP_TITLE) values ('B60L53/63??','作业；运输','一般车辆','电动车辆的电力装备或动力装置r用于车辆的磁力悬置或悬浮r一般车用电力制动系统','暂无','暂无');
Insert into CLASSIFICATION (CODE,SEC_TITLE,CLASS_TITLE,SUBCLASS_TITLE,GROUP_TITLE,SUBGROUP_TITLE) values ('B60L53/64??','作业；运输','一般车辆','电动车辆的电力装备或动力装置r用于车辆的磁力悬置或悬浮r一般车用电力制动系统','暂无','暂无');
Insert into CLASSIFICATION (CODE,SEC_TITLE,CLASS_TITLE,SUBCLASS_TITLE,GROUP_TITLE,SUBGROUP_TITLE) values ('H02G3/04??','电学','发电、变电或配电','电缆或电线的安装，或光电组合电缆或电线的安装','在建筑物、等同结构或车辆上面或里面安装电缆或电线或其所用保护管','保护用管道或导线管，如电缆梯架、电缆槽(一般导管或管子入F16L)');
Insert into CLASSIFICATION (CODE,SEC_TITLE,CLASS_TITLE,SUBCLASS_TITLE,GROUP_TITLE,SUBGROUP_TITLE) values ('H02G3/05??','电学','发电、变电或配电','电缆或电线的安装，或光电组合电缆或电线的安装','在建筑物、等同结构或车辆上面或里面安装电缆或电线或其所用保护管','保护用管道或导线管，如电缆梯架、电缆槽(一般导管或管子入F17L)');
Insert into CLASSIFICATION (CODE,SEC_TITLE,CLASS_TITLE,SUBCLASS_TITLE,GROUP_TITLE,SUBGROUP_TITLE) values ('H02G3/06??','电学','发电、变电或配电','电缆或电线的安装，或光电组合电缆或电线的安装','在建筑物、等同结构或车辆上面或里面安装电缆或电线或其所用保护管','保护用管道或导线管，如电缆梯架、电缆槽(一般导管或管子入F18L)');
Insert into CLASSIFICATION (CODE,SEC_TITLE,CLASS_TITLE,SUBCLASS_TITLE,GROUP_TITLE,SUBGROUP_TITLE) values ('H02G3/07??','电学','发电、变电或配电','电缆或电线的安装，或光电组合电缆或电线的安装','在建筑物、等同结构或车辆上面或里面安装电缆或电线或其所用保护管','保护用管道或导线管，如电缆梯架、电缆槽(一般导管或管子入F19L)');
Insert into CLASSIFICATION (CODE,SEC_TITLE,CLASS_TITLE,SUBCLASS_TITLE,GROUP_TITLE,SUBGROUP_TITLE) values ('H02G3/08??','电学','发电、变电或配电','电缆或电线的安装，或光电组合电缆或电线的安装','在建筑物、等同结构或车辆上面或里面安装电缆或电线或其所用保护管','保护用管道或导线管，如电缆梯架、电缆槽(一般导管或管子入F20L)');
Insert into CLASSIFICATION (CODE,SEC_TITLE,CLASS_TITLE,SUBCLASS_TITLE,GROUP_TITLE,SUBGROUP_TITLE) values ('H02G3/09??','电学','发电、变电或配电','电缆或电线的安装，或光电组合电缆或电线的安装','在建筑物、等同结构或车辆上面或里面安装电缆或电线或其所用保护管','保护用管道或导线管，如电缆梯架、电缆槽(一般导管或管子入F21L)');
Insert into CLASSIFICATION (CODE,SEC_TITLE,CLASS_TITLE,SUBCLASS_TITLE,GROUP_TITLE,SUBGROUP_TITLE) values ('H02G3/10??','电学','发电、变电或配电','电缆或电线的安装，或光电组合电缆或电线的安装','在建筑物、等同结构或车辆上面或里面安装电缆或电线或其所用保护管','保护用管道或导线管，如电缆梯架、电缆槽(一般导管或管子入F22L)');
Insert into CLASSIFICATION (CODE,SEC_TITLE,CLASS_TITLE,SUBCLASS_TITLE,GROUP_TITLE,SUBGROUP_TITLE) values ('H02G3/11??','电学','发电、变电或配电','电缆或电线的安装，或光电组合电缆或电线的安装','在建筑物、等同结构或车辆上面或里面安装电缆或电线或其所用保护管','保护用管道或导线管，如电缆梯架、电缆槽(一般导管或管子入F23L)');
Insert into CLASSIFICATION (CODE,SEC_TITLE,CLASS_TITLE,SUBCLASS_TITLE,GROUP_TITLE,SUBGROUP_TITLE) values ('H02G3/12??','电学','发电、变电或配电','电缆或电线的安装，或光电组合电缆或电线的安装','在建筑物、等同结构或车辆上面或里面安装电缆或电线或其所用保护管','保护用管道或导线管，如电缆梯架、电缆槽(一般导管或管子入F24L)');
Insert into CLASSIFICATION (CODE,SEC_TITLE,CLASS_TITLE,SUBCLASS_TITLE,GROUP_TITLE,SUBGROUP_TITLE) values ('H02G3/13??','电学','发电、变电或配电','电缆或电线的安装，或光电组合电缆或电线的安装','在建筑物、等同结构或车辆上面或里面安装电缆或电线或其所用保护管','保护用管道或导线管，如电缆梯架、电缆槽(一般导管或管子入F25L)');
Insert into CLASSIFICATION (CODE,SEC_TITLE,CLASS_TITLE,SUBCLASS_TITLE,GROUP_TITLE,SUBGROUP_TITLE) values ('H02G3/14??','电学','发电、变电或配电','电缆或电线的安装，或光电组合电缆或电线的安装','在建筑物、等同结构或车辆上面或里面安装电缆或电线或其所用保护管','保护用管道或导线管，如电缆梯架、电缆槽(一般导管或管子入F26L)');
Insert into CLASSIFICATION (CODE,SEC_TITLE,CLASS_TITLE,SUBCLASS_TITLE,GROUP_TITLE,SUBGROUP_TITLE) values ('H02G3/15??','电学','发电、变电或配电','电缆或电线的安装，或光电组合电缆或电线的安装','在建筑物、等同结构或车辆上面或里面安装电缆或电线或其所用保护管','保护用管道或导线管，如电缆梯架、电缆槽(一般导管或管子入F27L)');
Insert into CLASSIFICATION (CODE,SEC_TITLE,CLASS_TITLE,SUBCLASS_TITLE,GROUP_TITLE,SUBGROUP_TITLE) values ('H02G3/16??','电学','发电、变电或配电','电缆或电线的安装，或光电组合电缆或电线的安装','在建筑物、等同结构或车辆上面或里面安装电缆或电线或其所用保护管','保护用管道或导线管，如电缆梯架、电缆槽(一般导管或管子入F28L)');
Insert into CLASSIFICATION (CODE,SEC_TITLE,CLASS_TITLE,SUBCLASS_TITLE,GROUP_TITLE,SUBGROUP_TITLE) values ('H02G3/17??','电学','发电、变电或配电','电缆或电线的安装，或光电组合电缆或电线的安装','在建筑物、等同结构或车辆上面或里面安装电缆或电线或其所用保护管','保护用管道或导线管，如电缆梯架、电缆槽(一般导管或管子入F29L)');
Insert into CLASSIFICATION (CODE,SEC_TITLE,CLASS_TITLE,SUBCLASS_TITLE,GROUP_TITLE,SUBGROUP_TITLE) values ('H02G3/18??','电学','发电、变电或配电','电缆或电线的安装，或光电组合电缆或电线的安装','在建筑物、等同结构或车辆上面或里面安装电缆或电线或其所用保护管','保护用管道或导线管，如电缆梯架、电缆槽(一般导管或管子入F30L)');
Insert into CLASSIFICATION (CODE,SEC_TITLE,CLASS_TITLE,SUBCLASS_TITLE,GROUP_TITLE,SUBGROUP_TITLE) values ('H02G3/19??','电学','发电、变电或配电','电缆或电线的安装，或光电组合电缆或电线的安装','在建筑物、等同结构或车辆上面或里面安装电缆或电线或其所用保护管','保护用管道或导线管，如电缆梯架、电缆槽(一般导管或管子入F31L)');
Insert into CLASSIFICATION (CODE,SEC_TITLE,CLASS_TITLE,SUBCLASS_TITLE,GROUP_TITLE,SUBGROUP_TITLE) values ('H02G3/20??','电学','发电、变电或配电','电缆或电线的安装，或光电组合电缆或电线的安装','在建筑物、等同结构或车辆上面或里面安装电缆或电线或其所用保护管','保护用管道或导线管，如电缆梯架、电缆槽(一般导管或管子入F32L)');
Insert into CLASSIFICATION (CODE,SEC_TITLE,CLASS_TITLE,SUBCLASS_TITLE,GROUP_TITLE,SUBGROUP_TITLE) values ('H02G3/21??','电学','发电、变电或配电','电缆或电线的安装，或光电组合电缆或电线的安装','在建筑物、等同结构或车辆上面或里面安装电缆或电线或其所用保护管','保护用管道或导线管，如电缆梯架、电缆槽(一般导管或管子入F33L)');
Insert into CLASSIFICATION (CODE,SEC_TITLE,CLASS_TITLE,SUBCLASS_TITLE,GROUP_TITLE,SUBGROUP_TITLE) values ('H02G3/22??','电学','发电、变电或配电','电缆或电线的安装，或光电组合电缆或电线的安装','在建筑物、等同结构或车辆上面或里面安装电缆或电线或其所用保护管','保护用管道或导线管，如电缆梯架、电缆槽(一般导管或管子入F34L)');
REM INSERTING into DISCUSSION
SET DEFINE OFF;
REM INSERTING into CMNT
SET DEFINE OFF;
REM INSERTING into FAMILY
SET DEFINE OFF;
Insert into FAMILY (BASIC_APP_NUM,APP_NUM) values ('US19950533079','CN96120119');
REM INSERTING into LAW_STATUS
SET DEFINE OFF;
Insert into LAW_STATUS (APP_NUM,ANNOUNCE_DATE,DUE_DATE,STATUS,MSG,DETAIL) values ('CN96120119',to_date('20-8月 -97','DD-MON-RR'),null,4,'公开',null);
Insert into LAW_STATUS (APP_NUM,ANNOUNCE_DATE,DUE_DATE,STATUS,MSG,DETAIL) values ('CN96120119',to_date('16-12月-98','DD-MON-RR'),null,5,'实质审查请求的生效',null);
REM INSERTING into MESSAGE
SET DEFINE OFF;
REM INSERTING into PATENT
SET DEFINE OFF;
Insert into PATENT (APP_NUM,NAME,PATENT_TYPE,CLASS_CODE,DESIGNER_ID,PATENTEE_NAME,PROPOSER_NAME,PLACE_CODE,APP_DATE,PUBLIC_NUM,ABSTRACT,MAIN_CLAIM,CLAIM,AGE,IS_VALID,LINK) values ('CN96120119','多源多分量地震数据短时区间模优化',0,'G01V1/28','ZHANGYAOHUI','阿莫科公司','阿莫科公司','110000',to_date('01-10月-20','DD-MON-RR'),'CN1157417A','本发明揭示了一种处理多源多分量剪切波地震数据的方法。该方法包括以下几步：获取四分量剪切波地震数据；将此数据转化成相对于一参考轴定义的转角的函数；计算此矩阵元素与时间无关的模；并找出使同线元素模之和与非同线元素模之和的差最大的转角。',null,null,20,'1','cnipa.gov.cn');
Insert into PATENT (APP_NUM,NAME,PATENT_TYPE,CLASS_CODE,DESIGNER_ID,PATENTEE_NAME,PROPOSER_NAME,PLACE_CODE,APP_DATE,PUBLIC_NUM,ABSTRACT,MAIN_CLAIM,CLAIM,AGE,IS_VALID,LINK) values ('CN111653905A','一种可移动式的重载搬运机器人装置、系统及使用方法',1,'B60L53/38??','11','中钢集团耐火材料有限公司','苏州英俊科技有限公司','310000',to_date('07-2月 -19','DD-MON-RR'),'CN111651695A','本发明涉及航空发动机领域，尤其是一种灵活、可靠，同时满足修复层力学性能要求的铝合金壳体内孔磨损冷喷涂修复方法，包括：a、将Al和Al2O3粉末按照体积比为4:1进行混合均匀，制备成Al和Al2O3的复合粉末；b、采用气动打磨笔对壳体待修复内孔进行打磨，将所述内孔打磨平整并见金属光泽；c、采用低压冷喷涂的方法对打磨区域进行修复，其中，喷枪与喷涂面的喷涂角度为成30°；d、在喷涂一层后,将喷枪与喷涂面的喷涂角度调整成60°进行喷涂；e、最后，将喷枪与喷涂面的喷涂角度调整成90°进行喷涂；f、对喷涂区域进行磨加工，达到零件尺寸要求后，完成磨损修复。本发明尤其适用于铝合金壳体内孔磨损修复工艺之中。','1.一种分布式液位平衡型竖向阻尼器，其特征在于，包括至少两个第一水箱(10)、至少一个第二水箱(20)、用于连通相邻第一水箱(10)和第二水箱(20)的液位平衡连通管(30)；所述第一水箱(10)顶部设有调压孔(60)，所述第一水箱(10)内设置有至少一个挡板(40)，所述挡板(40)通过固定组件(50)固定在第一水箱(10)上；所述第二水箱(20)顶部设置有密闭空气室(70)。','1.一种分布式液位平衡型竖向阻尼器，其特征在于，包括至少两个第一水箱(10)、至少一个第二水箱(20)、用于连通相邻第一水箱(10)和第二水箱(20)的液位平衡连通管(30)；所述第一水箱(10)顶部设有调压孔(60)，所述第一水箱(10)内设置有至少一个挡板(40)，所述挡板(40)通过固定组件(50)固定在第一水箱(10)上；所述第二水箱(20)顶部设置有密闭空气室(70)。',1,'1','http://cprs.patentstar.com.cn/Search/Detail?ANE=9DFB9IDC9DHD8EEA8HAA9GDA9FCD9CAA9GBD9GAC9AED9FGF');
Insert into PATENT (APP_NUM,NAME,PATENT_TYPE,CLASS_CODE,DESIGNER_ID,PATENTEE_NAME,PROPOSER_NAME,PLACE_CODE,APP_DATE,PUBLIC_NUM,ABSTRACT,MAIN_CLAIM,CLAIM,AGE,IS_VALID,LINK) values ('CN111653903A','地铁线网电力SCADA的分布式并行控制方法及系统',1,'B60L53/36??','10','中钢集团耐火材料有限公司','苏州英俊科技有限公司','310000',to_date('05-2月 -19','DD-MON-RR'),'CN111651693A','一种实现自动剥离的二氧化钛纳米管。该材料通过一步阳极氧化法制备，阳极为待加工的钛片，阴极为惰性金属，加工电压为U，氧化时间为t，加工温度为T，试剂为含有氟离子的醇溶液，氟离子浓度为ω。该材料可于一步阳极氧化制备过程中在样品、溶液、空气三相接触区域实现多孔层和阻挡层的自动分离，对尺寸为A×B的二氧化钛纳米管样品，自剥离区域宽度为d。自剥离的二氧化钛纳米管可以打碎制成溶液作为吸波涂料。超连续激光以角度θ入射材料自剥离区域时，自剥离区域m个采样点的镜面方向反射率差别较大，相同波长最大反射率差为Δr，且较大反射率区域的反射光场呈现出多重散射特性。本发明在光电传感、隐身材料等领域有重要的应用价值。','?1.一种基于深度视频事件补全的视频数据异常识别方法，其特征在于，所述方法包括：获取当前视频帧中前景目标所在的前景目标区域，从包括当前视频帧的预设长度的视频帧序列中，获取每个视频帧在所述前景目标区域的图像数据，根据得到的图像数据序列生成视频事件数据；从所述视频事件数据的所述图像数据序列中抽除预设数量的图像数据，得到对应的不完整视频事件数据，将所述不完整视频事件数据输入预先训练的深度视频事件补全模型，得到对应的外观补全图像数据和运动信息补全数据；所述深度视频事件补全模型包括基于深度神经网络的外观补全网络和运动补全网络；根据被抽除的所述图像数据和所述外观补全图像数据之间的误差，以及根据被抽除的所述图像数据的运动信息数据和所述运动信息补全数据之间的误差，识别所述视频事件数据中的异常。','?1.一种基于深度视频事件补全的视频数据异常识别方法，其特征在于，所述方法包括：获取当前视频帧中前景目标所在的前景目标区域，从包括当前视频帧的预设长度的视频帧序列中，获取每个视频帧在所述前景目标区域的图像数据，根据得到的图像数据序列生成视频事件数据；从所述视频事件数据的所述图像数据序列中抽除预设数量的图像数据，得到对应的不完整视频事件数据，将所述不完整视频事件数据输入预先训练的深度视频事件补全模型，得到对应的外观补全图像数据和运动信息补全数据；所述深度视频事件补全模型包括基于深度神经网络的外观补全网络和运动补全网络；根据被抽除的所述图像数据和所述外观补全图像数据之间的误差，以及根据被抽除的所述图像数据的运动信息数据和所述运动信息补全数据之间的误差，识别所述视频事件数据中的异常。',1,'1','http://cprs.patentstar.com.cn/Search/Detail?ANE=9HFF9DHB9CGB6GAA5AEA9HIG9EBBEGGA9EGF9CFC9FGF9FIG');
Insert into PATENT (APP_NUM,NAME,PATENT_TYPE,CLASS_CODE,DESIGNER_ID,PATENTEE_NAME,PROPOSER_NAME,PLACE_CODE,APP_DATE,PUBLIC_NUM,ABSTRACT,MAIN_CLAIM,CLAIM,AGE,IS_VALID,LINK) values ('CN111653904A','一种基于5G的地铁无线通信综合承载系统',1,'B60L53/37??','10','中钢集团耐火材料有限公司','苏州英俊科技有限公司','310000',to_date('06-2月 -19','DD-MON-RR'),'CN111651694A','?本申请提供一种触控显示装置，触控显示装置包括有机发光二极管显示面板以及触控组件，有机发光二极管显示面板包括共阴极以及封装层，触控组件包括触控层，封装层位于共阴极和触控层之间，触控层包括多个阵列排布的触控单元，每个触控单元由金属网格组成，每个触控单元中，金属网格的金属面积与每个触控单元的面积的比值百分数大于0%且小于或等于25%。通过对每个触控单元中的金属网格的金属面积占比进行优选，以减小每个触控单元与共阴极之间的寄生电容，从而提高触控显示装置的触控报点率。','1.一种波纹钢板墙混合连接节点，波纹钢板墙包括波纹钢板(1)、竖向边缘构件(2)、水平T形鱼尾板(4)；所述竖向边缘构件(2)分别焊接在所述波纹钢板(1)的左右两侧；所述水平T形鱼尾板(4)通过翼缘板分别焊接在所述波纹钢板(1)的上下两侧；框架梁(3)位于所述波纹钢板墙的上下两侧；其特征在于：所述竖向边缘构件(2)与所述框架梁(3)采用销轴连接，所述水平T形鱼尾板(4)与所述框架梁(3)采用螺栓连接。','1.一种波纹钢板墙混合连接节点，波纹钢板墙包括波纹钢板(1)、竖向边缘构件(2)、水平T形鱼尾板(4)；所述竖向边缘构件(2)分别焊接在所述波纹钢板(1)的左右两侧；所述水平T形鱼尾板(4)通过翼缘板分别焊接在所述波纹钢板(1)的上下两侧；框架梁(3)位于所述波纹钢板墙的上下两侧；其特征在于：所述竖向边缘构件(2)与所述框架梁(3)采用销轴连接，所述水平T形鱼尾板(4)与所述框架梁(3)采用螺栓连接。',1,'1','http://cprs.patentstar.com.cn/Search/Detail?ANE=6CCA9GHE7CDA9HCA7DDA8BHA9DDC9AFD9IDH9BHF3BAA9HEC');
Insert into PATENT (APP_NUM,NAME,PATENT_TYPE,CLASS_CODE,DESIGNER_ID,PATENTEE_NAME,PROPOSER_NAME,PLACE_CODE,APP_DATE,PUBLIC_NUM,ABSTRACT,MAIN_CLAIM,CLAIM,AGE,IS_VALID,LINK) values ('CN111653902A','一种基于支持向量机的地铁驾驶员动作序列识别方法',1,'B60L53/35??','10','中钢集团耐火材料有限公司','苏州英俊科技有限公司','310000',to_date('04-2月 -19','DD-MON-RR'),'CN111651692A','本发明涉及一种移动式灯具，包括：光源结构，所述光源结构活动覆盖于位于目标部件所在的目标区域；且所述目标部件穿过所述光源结构可视化呈现；第一导轨，所述第一导轨设于所述光源结构的一侧；驱动结构，所述驱动结构滑动连接于所述第一导轨；所述驱动结构带动所述光源结构沿所述第一导轨移动，以调整所述光源结构在所述目标区域所在平面的投影与所述目标区域的相对位置。上述移动式灯具操作简便，响应速度快，运行稳定性高。','1.一种云网融合环境下基于智能信息推荐的消息推送方法，其特征在于，应用于与用户终端通信连接的服务器，所述方法包括：获取所述用户终端的当前匹配空间道路；根据所述当前匹配空间道路从服务器中查询匹配的目标信息推荐区域，基于所述目标信息推荐区域计算并提取所述用户终端的推送特征参数，并根据所述推送特征参数确定所述用户终端的推送消息序列；根据所述用户终端的推送消息序列对所述用户终端进行特定消息推送；所述计算并提取的所述用户终端的推送特征参数，并根据所述推送特征参数确定所述用户终端的推送消息序列的步骤，包括：计算所述当前匹配空间道路在所述目标信息推荐区域中的推送预测距离；获取所述当前匹配空间道路所在道路网络对于携带所述用户终端的出行人的熟悉度以及出行人的当前行走速度；根据所述熟悉度和所述当前行走速度计算所述出行人的理论行走速度，并根据所述理论行走速度和所述推送预测距离计算所述出行人在所述目标信息推荐区域中的总推送时长；从预先配置的特定消息数据库中获取与所述总推送时长匹配的多个待推送特定消息，并分别确定每个待推送特定消息的推送时长、推送状态、推送优先级以及推送强度，作为所述用户终端对应的每个待推送特定消息的推送特征参数；将每个待推送特定消息以及每个待推送特定消息的推送特征参数进行关联映射并排列，得到所述用户终端的推送消息序列。','1.一种云网融合环境下基于智能信息推荐的消息推送方法，其特征在于，应用于与用户终端通信连接的服务器，所述方法包括：获取所述用户终端的当前匹配空间道路；根据所述当前匹配空间道路从服务器中查询匹配的目标信息推荐区域，基于所述目标信息推荐区域计算并提取所述用户终端的推送特征参数，并根据所述推送特征参数确定所述用户终端的推送消息序列；根据所述用户终端的推送消息序列对所述用户终端进行特定消息推送；所述计算并提取的所述用户终端的推送特征参数，并根据所述推送特征参数确定所述用户终端的推送消息序列的步骤，包括：计算所述当前匹配空间道路在所述目标信息推荐区域中的推送预测距离；获取所述当前匹配空间道路所在道路网络对于携带所述用户终端的出行人的熟悉度以及出行人的当前行走速度；根据所述熟悉度和所述当前行走速度计算所述出行人的理论行走速度，并根据所述理论行走速度和所述推送预测距离计算所述出行人在所述目标信息推荐区域中的总推送时长；从预先配置的特定消息数据库中获取与所述总推送时长匹配的多个待推送特定消息，并分别确定每个待推送特定消息的推送时长、推送状态、推送优先级以及推送强度，作为所述用户终端对应的每个待推送特定消息的推送特征参数；将每个待推送特定消息以及每个待推送特定消息的推送特征参数进行关联映射并排列，得到所述用户终端的推送消息序列。',1,'1','http://cprs.patentstar.com.cn/Search/Detail?ANE=9GGF5FAA9DGC6CEA9ICC9BIA9IDHHIHA8BBA8AGA9FGF7FBA');
Insert into PATENT (APP_NUM,NAME,PATENT_TYPE,CLASS_CODE,DESIGNER_ID,PATENTEE_NAME,PROPOSER_NAME,PLACE_CODE,APP_DATE,PUBLIC_NUM,ABSTRACT,MAIN_CLAIM,CLAIM,AGE,IS_VALID,LINK) values ('CN111653901A','一种带衬套的自锁螺母',1,'B60L53/34??','10','中钢集团耐火材料有限公司','苏州英俊科技有限公司','310000',to_date('03-2月 -19','DD-MON-RR'),'CN111651691A','本发明涉及一种左室假腱索植入系统，所述的左室假腱索植入系统包括固定片、动脉导管未闭封堵器、人工腱索、细钢丝；所述的人工腱索前后两端分别与固定片和动脉导管未闭封堵器连接；所述的细钢丝固定设于人工腱索末端表面位置；所述的固定片为软塑料固定片，表面设有多个固定孔；所述的动脉导管未闭封堵器直径为4/6mm；所述的细钢丝有多个，且长均为2mm。其优点表现在：本发明采用微创结合介入的方式，释放固定片和动脉导管未闭封堵器分别固定于瓣膜和心肌外侧，从而可用于人工腱索的固定，起到瓣膜与乳头肌之间的连接，使得二尖瓣可正常恢复至关闭状态，从而有效解决二尖瓣反流的问题，且创伤小、术后恢复快。','?1.一种基于深度视频事件补全的视频数据异常识别方法，其特征在于，所述方法包括：获取当前视频帧中前景目标所在的前景目标区域，从包括当前视频帧的预设长度的视频帧序列中，获取每个视频帧在所述前景目标区域的图像数据，根据得到的图像数据序列生成视频事件数据；从所述视频事件数据的所述图像数据序列中抽除预设数量的图像数据，得到对应的不完整视频事件数据，将所述不完整视频事件数据输入预先训练的深度视频事件补全模型，得到对应的外观补全图像数据和运动信息补全数据；所述深度视频事件补全模型包括基于深度神经网络的外观补全网络和运动补全网络；根据被抽除的所述图像数据和所述外观补全图像数据之间的误差，以及根据被抽除的所述图像数据的运动信息数据和所述运动信息补全数据之间的误差，识别所述视频事件数据中的异常。','?1.一种基于深度视频事件补全的视频数据异常识别方法，其特征在于，所述方法包括：获取当前视频帧中前景目标所在的前景目标区域，从包括当前视频帧的预设长度的视频帧序列中，获取每个视频帧在所述前景目标区域的图像数据，根据得到的图像数据序列生成视频事件数据；从所述视频事件数据的所述图像数据序列中抽除预设数量的图像数据，得到对应的不完整视频事件数据，将所述不完整视频事件数据输入预先训练的深度视频事件补全模型，得到对应的外观补全图像数据和运动信息补全数据；所述深度视频事件补全模型包括基于深度神经网络的外观补全网络和运动补全网络；根据被抽除的所述图像数据和所述外观补全图像数据之间的误差，以及根据被抽除的所述图像数据的运动信息数据和所述运动信息补全数据之间的误差，识别所述视频事件数据中的异常。',1,'1','http://cprs.patentstar.com.cn/Search/Detail?ANE=9GGF0AAA9IEF9HHF9GDB9HCA9BEC8HAAAIGA7FCA9IBDBHGA');
Insert into PATENT (APP_NUM,NAME,PATENT_TYPE,CLASS_CODE,DESIGNER_ID,PATENTEE_NAME,PROPOSER_NAME,PLACE_CODE,APP_DATE,PUBLIC_NUM,ABSTRACT,MAIN_CLAIM,CLAIM,AGE,IS_VALID,LINK) values ('CN111653899A','飞机漆面清洗废水的处理方法',1,'B60L53/32??','9','中钢集团耐火材料有限公司','苏州英俊科技有限公司','310000',to_date('01-2月 -19','DD-MON-RR'),'CN111651689A','?本发明提供了一种荧光标记的人三阴性乳腺癌骨转移细胞株，通过下述方法制备而成：一个培养人源三阴性乳腺癌细胞MDA?MB?231的步骤；扩增含有红色荧光蛋白RFP的慢病毒载体，制备含有红色荧光标记的MDA?MB?231细胞；将RFP?MDA?MB?231细胞移植到裸鼠第四对乳腺脂肪垫位置，生长成瘤；4?6周后取后肢胫骨，用缓冲溶液冲取骨髓，再采用胶原酶消化，获得骨髓来源单细胞，体外培养扩增，流式细胞技术分选红色荧光细胞；通过裸鼠体内成瘤筛选，得到红色荧光标记的MDA?MB?231人三阴性乳腺癌骨转移细胞株。本发明具有骨转移特征，并且有荧光蛋白标记，实现了细胞在体内和体外的可视化、可示踪。','?1.一种荧光标记的人三阴性乳腺癌骨转移细胞株，其特征在于通过下述的方法制备而成：1）一个培养人源三阴性乳腺癌细胞MDA-MB-231的步骤；2）扩增含有红色荧光蛋白RFP的慢病毒载体，利用慢病毒转染细胞的方法，转染MDA-MB-231细胞，制备含有红色荧光标记的MDA-MB-231细胞；3）通过流式细胞仪分选，获得红色荧光RFP-MDA-MB-231细胞；4）将RFP-MDA-MB-231细胞移植到裸鼠第四对乳腺脂肪垫位置，然后进行哺育4-6周成瘤；5）肿瘤直径达到0.8-1.2cm时，处死裸鼠，解剖，取后肢胫骨，无菌环境下，用PH7.4的1xPBS缓冲溶液冲取骨髓，再采用胶原酶消化，获得骨髓来源单细胞，体外培养扩增；6）利用流式细胞分析仪，检测并分选从乳腺肿瘤转移到骨的红色荧光乳腺癌细胞，体外培养扩增，作为P1代乳腺癌骨转移细胞；7）扩增P1代乳腺癌骨转移细胞，移植裸鼠，重复上述第4-第6步，获得P2代乳腺癌骨转移细胞；8）扩增P2代乳腺癌骨转移细胞，移植裸鼠，重复上述第4-第6步，获得P3代乳腺癌骨转移细胞；9）通过上述三轮的裸鼠体内成瘤筛选，得到红色荧光标记的MDA-MB-231人三阴性乳腺癌骨转移细胞株。','?1.一种荧光标记的人三阴性乳腺癌骨转移细胞株，其特征在于通过下述的方法制备而成：1）一个培养人源三阴性乳腺癌细胞MDA-MB-231的步骤；2）扩增含有红色荧光蛋白RFP的慢病毒载体，利用慢病毒转染细胞的方法，转染MDA-MB-231细胞，制备含有红色荧光标记的MDA-MB-231细胞；3）通过流式细胞仪分选，获得红色荧光RFP-MDA-MB-231细胞；4）将RFP-MDA-MB-231细胞移植到裸鼠第四对乳腺脂肪垫位置，然后进行哺育4-6周成瘤；5）肿瘤直径达到0.8-1.2cm时，处死裸鼠，解剖，取后肢胫骨，无菌环境下，用PH7.4的1xPBS缓冲溶液冲取骨髓，再采用胶原酶消化，获得骨髓来源单细胞，体外培养扩增；6）利用流式细胞分析仪，检测并分选从乳腺肿瘤转移到骨的红色荧光乳腺癌细胞，体外培养扩增，作为P1代乳腺癌骨转移细胞；7）扩增P1代乳腺癌骨转移细胞，移植裸鼠，重复上述第4-第6步，获得P2代乳腺癌骨转移细胞；8）扩增P2代乳腺癌骨转移细胞，移植裸鼠，重复上述第4-第6步，获得P3代乳腺癌骨转移细胞；9）通过上述三轮的裸鼠体内成瘤筛选，得到红色荧光标记的MDA-MB-231人三阴性乳腺癌骨转移细胞株。',1,'1','http://cprs.patentstar.com.cn/Search/Detail?ANE=9BHB1BAAAHIA9FIE9AIA7GBA9CED9AHDBHIA6CDA9GDH9CDB');
Insert into PATENT (APP_NUM,NAME,PATENT_TYPE,CLASS_CODE,DESIGNER_ID,PATENTEE_NAME,PROPOSER_NAME,PLACE_CODE,APP_DATE,PUBLIC_NUM,ABSTRACT,MAIN_CLAIM,CLAIM,AGE,IS_VALID,LINK) values ('CN111653900A','飞机操控传动轮加工工装',1,'B60L53/33??','10','中钢集团耐火材料有限公司','苏州英俊科技有限公司','310000',to_date('02-2月 -19','DD-MON-RR'),'CN111651690A','?一种带自封袋的试剂瓶，涉及医用器材技术领域，该试剂瓶包括瓶体，及用于封盖瓶体上端瓶口的瓶盖，其特征在于：所述瓶体的外壁固定有储袋仓，储袋仓内存放有自封袋，储袋仓上开设有用于抽出自封袋的仓口，所述自封袋的袋口边缘部位从储袋仓的仓口伸出；所述瓶盖上设有可转动的转杆，转杆上设有一个软质连接带，软质连接带的一端与转杆固接，软质连接带的另一端与自封袋的袋口边缘部固接。本发明提供的试剂瓶，特别适用于咽拭子采样。','?1.一种带自封袋的试剂瓶，包括瓶体，及用于封盖瓶体上端瓶口的瓶盖，其特征在于：所述瓶体的外壁固定有储袋仓，储袋仓内存放有自封袋，储袋仓上开设有用于抽出自封袋的仓口，所述自封袋的袋口边缘部位从储袋仓的仓口伸出；所述瓶盖上设有可转动的转杆，转杆上设有一个软质连接带，软质连接带的一端与转杆固接，软质连接带的另一端与自封袋的袋口边缘部固接。','?1.一种带自封袋的试剂瓶，包括瓶体，及用于封盖瓶体上端瓶口的瓶盖，其特征在于：所述瓶体的外壁固定有储袋仓，储袋仓内存放有自封袋，储袋仓上开设有用于抽出自封袋的仓口，所述自封袋的袋口边缘部位从储袋仓的仓口伸出；所述瓶盖上设有可转动的转杆，转杆上设有一个软质连接带，软质连接带的一端与转杆固接，软质连接带的另一端与自封袋的袋口边缘部固接。',1,'1','http://cprs.patentstar.com.cn/Search/Detail?ANE=8ECA7DEA9EHE6AGA9FGD2ACA9BEC9EGC9FEGAGDA9BGA9EAE');
Insert into PATENT (APP_NUM,NAME,PATENT_TYPE,CLASS_CODE,DESIGNER_ID,PATENTEE_NAME,PROPOSER_NAME,PLACE_CODE,APP_DATE,PUBLIC_NUM,ABSTRACT,MAIN_CLAIM,CLAIM,AGE,IS_VALID,LINK) values ('CN111653897A','一种航空熔断器产品的夹子组件装配装置',1,'H01Q1/62??','9','中钢集团耐火材料有限公司','苏州英俊科技有限公司','310000',to_date('27-1月 -19','DD-MON-RR'),'CN111651687A','?本发明涉及一种分布式液位平衡型竖向阻尼器，包括至少两个第一水箱、至少一个第二水箱、用于连通相邻第一水箱和第二水箱的液位平衡连通管；所述第一水箱顶部设有调压孔，所述第一水箱内设置有至少一个挡板，所述挡板通过固定组件固定在第一水箱上；所述第二水箱顶部设置有密闭空气室；本发明构造形式简单、价格低廉、容易安装、耗能能力好、自动激活性能好、调频能力强，能够根据桥梁结构自身振动模态及阻尼特性进行阻尼器的分布式设计，对桥梁多阶竖弯振动模态，均可提供阻尼，对桥梁结构的竖向振动进行有效控制，提高桥梁的舒适度和安全度。','1.一种分布式液位平衡型竖向阻尼器，其特征在于，包括至少两个第一水箱(10)、至少一个第二水箱(20)、用于连通相邻第一水箱(10)和第二水箱(20)的液位平衡连通管(30)；所述第一水箱(10)顶部设有调压孔(60)，所述第一水箱(10)内设置有至少一个挡板(40)，所述挡板(40)通过固定组件(50)固定在第一水箱(10)上；所述第二水箱(20)顶部设置有密闭空气室(70)。','1.一种分布式液位平衡型竖向阻尼器，其特征在于，包括至少两个第一水箱(10)、至少一个第二水箱(20)、用于连通相邻第一水箱(10)和第二水箱(20)的液位平衡连通管(30)；所述第一水箱(10)顶部设有调压孔(60)，所述第一水箱(10)内设置有至少一个挡板(40)，所述挡板(40)通过固定组件(50)固定在第一水箱(10)上；所述第二水箱(20)顶部设置有密闭空气室(70)。',1,'1','http://cprs.patentstar.com.cn/Search/Detail?ANE=9AHA3ADA9EGD7DEA9HFE7FCAAHEA9GACDIEA7HAA8BCA7ABA');
Insert into PATENT (APP_NUM,NAME,PATENT_TYPE,CLASS_CODE,DESIGNER_ID,PATENTEE_NAME,PROPOSER_NAME,PLACE_CODE,APP_DATE,PUBLIC_NUM,ABSTRACT,MAIN_CLAIM,CLAIM,AGE,IS_VALID,LINK) values ('CN111653898A','一种飞机平尾加工用切边装置',1,'B60L53/31??','9','中钢集团耐火材料有限公司','苏州英俊科技有限公司','310000',to_date('28-1月 -19','DD-MON-RR'),'CN111651688A','本发明公开了一种测试混凝土开裂情况下焊钉抗剪性能的试验方法，试验时把试件放置到试验框架中；试件包括工字型混凝土试件和钢结构，钢结构与工字型混凝土试件之间通过焊钉连接，腹板块体上设置有横向刻槽；在上翼缘块体和下翼缘块体之间放置千斤顶，然后同步对称施加压力，继续施加千斤顶使得腹板块体沿着刻槽的位置发生开裂，得到开展状态的混凝土；试验框架内设置有上平台和下平台，竖向加载油缸通过上平台对钢结构施加压力，直到焊钉被剪断为止，得到焊钉的抗剪承载力；本发明的试验方法测出的抗剪力学性能可以更加真实地反映出位于混凝土开裂区的焊钉连接件的受力特性，更加符合实际工程情况。','1.一种测试混凝土开裂情况下焊钉抗剪性能的试验方法，其特征在于，包括以下步骤：(1)把试件放置到试验框架中；试件包括工字型混凝土试件和钢结构，所述工字型混凝土试件包括上翼缘块体、下翼缘块体和腹板块体，所述工字型混凝土试件的腹板块体的前后侧设置有所述钢结构，所述钢结构与所述工字型混凝土试件之间通过焊钉连接，所述腹板块体上设置有横向刻槽；(2)在工字型混凝土试件的上翼缘块体和下翼缘块体之间放置千斤顶，然后同步对称施加压力，使得每一个千斤顶的上、下端分别与上翼缘块体的下表面和下翼缘块体的上表面接触顶紧，千斤顶继续施加压力使得腹板块体沿着刻槽的位置发生开裂，得到开展状态的混凝土，根据裂缝宽度需要的大小调整好千斤顶的力，并进行锁定保持该力不变；(3)所述试验框架内设置有上平台和下平台，所述上平台设置于所述工字型混凝土试件的顶部，所述下平台设置于所述工字型混凝土试件的底部，所述上平台与所述上翼缘块体之间留有竖向空间，所述上平台与所述试验框架的上横梁之间设置有竖向加载油缸，两个所述钢结构底部悬空，两个所述钢结构的顶端凸出于所述上翼缘块体的顶端面，竖向加载油缸通过上平台对钢结构施加压力，直到焊钉被剪断为止，得到焊钉的抗剪承载力。','1.一种测试混凝土开裂情况下焊钉抗剪性能的试验方法，其特征在于，包括以下步骤：(1)把试件放置到试验框架中；试件包括工字型混凝土试件和钢结构，所述工字型混凝土试件包括上翼缘块体、下翼缘块体和腹板块体，所述工字型混凝土试件的腹板块体的前后侧设置有所述钢结构，所述钢结构与所述工字型混凝土试件之间通过焊钉连接，所述腹板块体上设置有横向刻槽；(2)在工字型混凝土试件的上翼缘块体和下翼缘块体之间放置千斤顶，然后同步对称施加压力，使得每一个千斤顶的上、下端分别与上翼缘块体的下表面和下翼缘块体的上表面接触顶紧，千斤顶继续施加压力使得腹板块体沿着刻槽的位置发生开裂，得到开展状态的混凝土，根据裂缝宽度需要的大小调整好千斤顶的力，并进行锁定保持该力不变；(3)所述试验框架内设置有上平台和下平台，所述上平台设置于所述工字型混凝土试件的顶部，所述下平台设置于所述工字型混凝土试件的底部，所述上平台与所述上翼缘块体之间留有竖向空间，所述上平台与所述试验框架的上横梁之间设置有竖向加载油缸，两个所述钢结构底部悬空，两个所述钢结构的顶端凸出于所述上翼缘块体的顶端面，竖向加载油缸通过上平台对钢结构施加压力，直到焊钉被剪断为止，得到焊钉的抗剪承载力。',1,'2','http://cprs.patentstar.com.cn/Search/Detail?ANE=6BDA9FGC9GDC9FHD9HIH9FIE7ABA9IDHAHGA9EFD9IBA9GEE');
Insert into PATENT (APP_NUM,NAME,PATENT_TYPE,CLASS_CODE,DESIGNER_ID,PATENTEE_NAME,PROPOSER_NAME,PLACE_CODE,APP_DATE,PUBLIC_NUM,ABSTRACT,MAIN_CLAIM,CLAIM,AGE,IS_VALID,LINK) values ('CN111653896A','一种飞机驾驶舱用可调开合度的窗框盖板',1,'H01Q1/61??','9','中钢集团耐火材料有限公司','苏州英俊科技有限公司','310000',to_date('26-1月 -19','DD-MON-RR'),'CN111651686A','本发明公开了一种肢体局部给药和透析设备，包括动脉室腔和静脉室腔；所述动脉室腔和静脉室腔为通过连接组件连接的盒体，所述连接组件设置于动脉室腔和静脉室腔之间，所述动脉室腔包括盒体一和盒盖一，所述盒体一前端一侧壁上开设有两个线性阵列的开口槽，所述开口槽底部开设有第一安置槽，所述第一安置槽前端侧壁上开设有滑动槽，所述滑动槽贯穿第一安置槽；本发明通过两个L形块的相关结构；能够使得两个L形块在需要的时候能够卡入开口槽隔壁的盒盖一和盒盖二内，实现两个室腔之间的连接支撑，同时借助两个与卡接块对应的卡接槽，能够将两个室腔固定组合，能够根据需要实现自由拆卸。','?1.一种肢体局部给药和透析设备，其特征在于，包括动脉室腔(1)和静脉室腔(2)；所述动脉室腔(1)和静脉室腔(2)为通过连接组件连接的盒体，其中，所述连接组件设置于动脉室腔(1)和静脉室腔(2)之间，所述动脉室腔(1)包括盒体一(3)和盒盖一(4)，所述盒体一(3)前端一侧壁上开设有两个线性阵列的开口槽(301)，所述开口槽(301)底部开设有第一安置槽(302)，所述第一安置槽(302)前端侧壁上开设有滑动槽(303)，所述滑动槽(303)贯穿第一安置槽(302)；所述第一安置槽(302)内滑动设置有封口块(5)，封口块(5)上固定连接有滑动把手(501)，滑动把手(501)与滑动槽(303)相互配合；所述盒体一(3)前端另一侧壁上还开设有楔入口(304)；所述盒盖一(4)一侧壁上开设有两个楔口槽(8)，所述盒盖一(4)另一侧固定连接有卡块(9)，卡块(9)上开设有螺栓孔(901)，所述卡块(9)与楔入口(304)相互配合，卡块(9)通过螺栓和螺栓孔(901)固定在楔入口(304)上；所述静脉室腔(2)包括盒体二(6)和盒盖二(7)；其中盒体二(6)与盒体一(3)相邻紧贴设置，且盒体二(6)与盒体一(3)的前端呈镜像设置；前端为盒盖一(4)和盒盖二(7)所在端，且盒盖一(4)和盒盖二(7)上的结构呈镜像设置；盒体一(3)和盒体二(6)通过镜像设置的开口槽(301)内安放的连接组件连接，连接组件包括镜像设置的两个L形块(10)，L形块(10)前端侧壁设置有贯穿本体的第一通孔(1001)，第一通孔(1001)内设置活动槽(1002)，活动槽(1002)与第一通孔(1001)同轴设置，且活动槽(1002)内径大于第一通孔(1001)内径；所述活动槽(1002)内滑动设置有限位圆块(11)，限位圆块(11)通过连接柱(1101)固定连接有限位圆块二(1102)；限位圆块(11)和限位圆块二(1102)分别位于两端L形块(10)的活动槽(1002)内，且连接柱(1101)与第一通孔(1101)相互配合；连接柱(1101)上还套接有复位弹簧，复位弹簧固定连接在两个L形块(10)之间；所述L形块(10)一侧还开设有滑动倒角(12)；楔口槽(8)与L形块(10)相互配合。','?1.一种肢体局部给药和透析设备，其特征在于，包括动脉室腔(1)和静脉室腔(2)；所述动脉室腔(1)和静脉室腔(2)为通过连接组件连接的盒体，其中，所述连接组件设置于动脉室腔(1)和静脉室腔(2)之间，所述动脉室腔(1)包括盒体一(3)和盒盖一(4)，所述盒体一(3)前端一侧壁上开设有两个线性阵列的开口槽(301)，所述开口槽(301)底部开设有第一安置槽(302)，所述第一安置槽(302)前端侧壁上开设有滑动槽(303)，所述滑动槽(303)贯穿第一安置槽(302)；所述第一安置槽(302)内滑动设置有封口块(5)，封口块(5)上固定连接有滑动把手(501)，滑动把手(501)与滑动槽(303)相互配合；所述盒体一(3)前端另一侧壁上还开设有楔入口(304)；所述盒盖一(4)一侧壁上开设有两个楔口槽(8)，所述盒盖一(4)另一侧固定连接有卡块(9)，卡块(9)上开设有螺栓孔(901)，所述卡块(9)与楔入口(304)相互配合，卡块(9)通过螺栓和螺栓孔(901)固定在楔入口(304)上；所述静脉室腔(2)包括盒体二(6)和盒盖二(7)；其中盒体二(6)与盒体一(3)相邻紧贴设置，且盒体二(6)与盒体一(3)的前端呈镜像设置；前端为盒盖一(4)和盒盖二(7)所在端，且盒盖一(4)和盒盖二(7)上的结构呈镜像设置；盒体一(3)和盒体二(6)通过镜像设置的开口槽(301)内安放的连接组件连接，连接组件包括镜像设置的两个L形块(10)，L形块(10)前端侧壁设置有贯穿本体的第一通孔(1001)，第一通孔(1001)内设置活动槽(1002)，活动槽(1002)与第一通孔(1001)同轴设置，且活动槽(1002)内径大于第一通孔(1001)内径；所述活动槽(1002)内滑动设置有限位圆块(11)，限位圆块(11)通过连接柱(1101)固定连接有限位圆块二(1102)；限位圆块(11)和限位圆块二(1102)分别位于两端L形块(10)的活动槽(1002)内，且连接柱(1101)与第一通孔(1101)相互配合；连接柱(1101)上还套接有复位弹簧，复位弹簧固定连接在两个L形块(10)之间；所述L形块(10)一侧还开设有滑动倒角(12)；楔口槽(8)与L形块(10)相互配合。',1,'3','http://cprs.patentstar.com.cn/Search/Detail?ANE=9FHF4EAA9DHD3BCA9EHD9HHF9ICH9IAG7AFA5ABA8CAA8AIA');
Insert into PATENT (APP_NUM,NAME,PATENT_TYPE,CLASS_CODE,DESIGNER_ID,PATENTEE_NAME,PROPOSER_NAME,PLACE_CODE,APP_DATE,PUBLIC_NUM,ABSTRACT,MAIN_CLAIM,CLAIM,AGE,IS_VALID,LINK) values ('CN111653893A','一种熔断器底座自动化装配装置及焊接工艺',1,'H01Q1/58??','9','中钢集团耐火材料有限公司','苏州英俊科技有限公司','310000',to_date('23-1月 -19','DD-MON-RR'),'CN111651683A','本实用新型涉及网线布置技术领域，具体为一种网络桥架内网线理线板结构，其能够满足大批量网线的理线要求，其包括网络桥架，其特征在于，所述网络桥架上设置有一块PVC板，所述PVC板上均匀开设置有过线孔，所述过线孔上安装有橡胶环片，所述橡胶环片由两个半圆环片拼合而成，所述半圆环片外周面开设置有卡槽，所述橡胶环片通过所述卡槽卡嵌连接所述过线孔。','1.一种网络桥架内网线理线板结构，其包括网络桥架，其特征在于，所述网络桥架上设置有一块PVC板，所述PVC板上均匀开设置有过线孔，所述过线孔上安装有橡胶环片，所述橡胶环片由两个半圆环片拼合而成，所述半圆环片外周面开设置有卡槽，所述橡胶环片通过所述卡槽卡嵌连接所述过线孔；所述橡胶环片一侧设置有标签插槽。','1.一种网络桥架内网线理线板结构，其包括网络桥架，其特征在于，所述网络桥架上设 置有一块PVC板，所述PVC板上均匀开设置有过线孔，所述过线孔上安装有橡胶环片，所述橡 胶环片由两个半圆环片拼合而成，所述半圆环片外周面开设置有卡槽，所述橡胶环片通过 所述卡槽卡嵌连接所述过线孔；所述橡胶环片一侧设置有标签插槽。',1,'1','http://cprs.patentstar.com.cn/Search/ResultList?CurrentQuery=RzA2RjMwLzEzL01D&type=cn');
Insert into PATENT (APP_NUM,NAME,PATENT_TYPE,CLASS_CODE,DESIGNER_ID,PATENTEE_NAME,PROPOSER_NAME,PLACE_CODE,APP_DATE,PUBLIC_NUM,ABSTRACT,MAIN_CLAIM,CLAIM,AGE,IS_VALID,LINK) values ('CN111653894A','定位压紧装置',1,'H01Q1/59??','9','中钢集团耐火材料有限公司','苏州英俊科技有限公司','310000',to_date('24-1月 -19','DD-MON-RR'),'CN111651684A','本发明公开了一种包含硬装的卫生间自动设计系统及方法，主要包括生成布局、划分干湿区、生成关注区、硬装匹配。本发明针对卫生间的自动设计场景，综合考虑了墙面、顶面、地面的硬装设计，拥有了处理硬装素材的能力，可以处理的设计素材不仅有软装家具，还有各种硬装素材，解决了市面上其他自动设计系统硬装自动设计能力缺失的问题；将样板间中的硬装素材应用到目标房间中，不是简单的复制和素材替换，而是理解了样板间中每个面上的硬装设计，以关注区的形式来描述一个面上的硬装设计，使得整个系统有了“设计”能力，更加智能，输出的效果更接近设计师真实的设计方案；将卫生间划分干湿区域，有了功能区的概念，保证了系统输出设计方案的合理性。','?1.一种包含硬装的卫生间自动设计系统，其特征在于：主要包括生成布局模块、划分干湿区模块、生成关注区模块和硬装匹配模块，其中，生成布局模块，用于在目标房间中生成软装家具的布局；划分干湿区模块，用于样板间和目标房间进行干湿区子区域划分；生成关注区模块，用于根据各个家具的位置以及干湿区分区信息，结合样板间中墙、顶、地面上的硬装设计，在样板间和目标房间生成墙面、地面、顶面的硬装面关注区；硬装匹配模块，用于结合样板间关注区中的硬装设计，按照关注区应用到目标房间对应的区域中，并且微调适配房间内布局好的家具。','?1.一种包含硬装的卫生间自动设计系统，其特征在于：主要包括生成布局模块、划分干湿区模块、生成关注区模块和硬装匹配模块，其中，生成布局模块，用于在目标房间中生成软装家具的布局；划分干湿区模块，用于样板间和目标房间进行干湿区子区域划分；生成关注区模块，用于根据各个家具的位置以及干湿区分区信息，结合样板间中墙、顶、地面上的硬装设计，在样板间和目标房间生成墙面、地面、顶面的硬装面关注区；硬装匹配模块，用于结合样板间关注区中的硬装设计，按照关注区应用到目标房间对应的区域中，并且微调适配房间内布局好的家具。',1,'1','http://cprs.patentstar.com.cn/Search/Detail?ANE=9HGG9GIF9GHG9CHA9DID7GBA7AAA9DHC9FFEEGIA9CEF9FGE');
Insert into PATENT (APP_NUM,NAME,PATENT_TYPE,CLASS_CODE,DESIGNER_ID,PATENTEE_NAME,PROPOSER_NAME,PLACE_CODE,APP_DATE,PUBLIC_NUM,ABSTRACT,MAIN_CLAIM,CLAIM,AGE,IS_VALID,LINK) values ('CN111653895A','雷达原位检测系统',1,'H01Q1/60??','9','中钢集团耐火材料有限公司','苏州英俊科技有限公司','310000',to_date('25-1月 -19','DD-MON-RR'),'CN111651685A','本发明公开一种复杂索网体系的建模分析方法，采用子结构模态综合法和模型降阶方法，形成索网系统动力特性和动力响应分析的功能。将索网结构中的各个主索考虑为子结构，总体结构的模型通过各子结构在阻尼器/连接件连接位置的变形连续和受力平衡以及阻尼器/连接件的力学特性进行耦合，建立得到。建立的模型可以用于分析实际索网在外荷载作用的响应，可以用于复特征值分析，得到系统的频率、阻尼和振型；建立的模型为无量纲模型，可以用于研究索网结构的一般特性、设计阻尼器和索间连接件的参数以优化索网系统的振动控制效果。','1.一种复杂索网体系的建模分析方法，其特征在于：采用子结构模态综合法和模型降阶方法，形成索网系统动力特性和动力响应分析的功能。','1.一种复杂索网体系的建模分析方法，其特征在于：采用子结构模态综合法和模型降阶方法，形成索网系统动力特性和动力响应分析的功能。',1,'1','http://cprs.patentstar.com.cn/Search/Detail?ANE=9CHC1ABA9DEA2CAA3CAA9HFD6AAAGHHA9EGC9FHE9CHF9BIH');
Insert into PATENT (APP_NUM,NAME,PATENT_TYPE,CLASS_CODE,DESIGNER_ID,PATENTEE_NAME,PROPOSER_NAME,PLACE_CODE,APP_DATE,PUBLIC_NUM,ABSTRACT,MAIN_CLAIM,CLAIM,AGE,IS_VALID,LINK) values ('CN111653891A','一种多靶点复合抗原及其应用',1,'H01Q1/56??','8','中钢集团耐火材料有限公司','苏州英俊科技有限公司','310000',to_date('21-1月 -19','DD-MON-RR'),'CN111651681A','本发明公开了一种基于BIM的路面病害分析展示方法及系统，所述方法包括：获取路面纹理的原始高程数据，将路面纹理的原始高程数据根据车道、桩号区间进行划分，并与公路工程BIM对应车道、桩号区间进行关联存储；获取待检测路段的路面纹理的实际高程数据，与对应车道、桩号区间进行关联；将获取的待检测路段的实际高程数据与存储的原始高程数据对比分析，生成对应车道、桩号区间的路面病害的分析结果；当收到路面病害查询请求时，调取对应车道、桩号区间的路面病害的分析结果，结合公路工程BIM进行展示。本发明实现基于公路工程BIM的路面病害的分析展示，为公路工程信息化管理提供便利。','1.一种无损地由BIM模型构建空间语义数据库的方法，其特征在于，包括步骤如下：初始设置，选择关系型数据库；步骤一：数据库表个数与BIM对象的种类对齐，BIM中有多少类对象，就建立多少张表格；新建表：根据BIM数据的组织规范建立表，表名称和BIM中种类名称保持一致；实现将BIM中所有的对象种类的涵盖；步骤二：数据库表结构与BIM对象的属性对齐；定义表结构字段：根据每类BIM对象的属性描述字段，构建数据库表的字段：字段名称、类型均和BIM对象保持一致；将BIM对象的属性设置为表的字段名；步骤三：数据库表关系与BIM对象间关系对齐；定义表之间关系：将BIM对象的唯一ID，设置为每个表的主键，将BIM对象的父节点ID，设置为表的外键，通过主键、外键配合，实现用关系型数据库描述BIM树状结构；步骤四：数据库表记录与BIM对象的记录对齐，将BIM对象进行入库，将所有BIM对象按照分类存入对应的表中，形成表的记录；将BIM对象按照上述数据库结构进行表记录整理；步骤五：执行建库脚本，进行建库得到无损的BIM空间语义数据库；形成将BIM中每类对象、每个属性都入库，每类对象的关系也通过表之间的关系清晰表达，所有BIM对象属性完整保留，所有BIM对象关系完整保留，BIM的几何表达转换为空间表达，得到同BIM组织架构一样的空间语义数据库的结构；该步骤四中的表记录整理为分别执行几何转换操作和语义保留操作；该几何转换操作为将BIM数据的几何信息进行坐标转换，包括几何表达方式的转换和坐标转换得到地理空间的几何信息。','1.一种无损地由BIM模型构建空间语义数据库的方法，其特征在于，包括步骤如下：初始设置，选择关系型数据库；步骤一：数据库表个数与BIM对象的种类对齐，BIM中有多少类对象，就建立多少张表格；新建表：根据BIM数据的组织规范建立表，表名称和BIM中种类名称保持一致；实现将BIM中所有的对象种类的涵盖；步骤二：数据库表结构与BIM对象的属性对齐；定义表结构字段：根据每类BIM对象的属性描述字段，构建数据库表的字段：字段名称、类型均和BIM对象保持一致；将BIM对象的属性设置为表的字段名；步骤三：数据库表关系与BIM对象间关系对齐；定义表之间关系：将BIM对象的唯一ID，设置为每个表的主键，将BIM对象的父节点ID，设置为表的外键，通过主键、外键配合，实现用关系型数据库描述BIM树状结构；步骤四：数据库表记录与BIM对象的记录对齐，将BIM对象进行入库，将所有BIM对象按照分类存入对应的表中，形成表的记录；将BIM对象按照上述数据库结构进行表记录整理；步骤五：执行建库脚本，进行建库得到无损的BIM空间语义数据库；形成将BIM中每类对象、每个属性都入库，每类对象的关系也通过表之间的关系清晰表达，所有BIM对象属性完整保留，所有BIM对象关系完整保留，BIM的几何表达转换为空间表达，得到同BIM组织架构一样的空间语义数据库的结构；该步骤四中的表记录整理为分别执行几何转换操作和语义保留操作；该几何转换操作为将BIM数据的几何信息进行坐标转换，包括几何表达方式的转换和坐标转换得到地理空间的几何信息。',1,'1','http://cprs.patentstar.com.cn/Search/Detail?ANE=9FGE7BGA7AFA5FAA7FBA8BHA9FEH9HCA9DGH9EEG9DDD9AHD');
Insert into PATENT (APP_NUM,NAME,PATENT_TYPE,CLASS_CODE,DESIGNER_ID,PATENTEE_NAME,PROPOSER_NAME,PLACE_CODE,APP_DATE,PUBLIC_NUM,ABSTRACT,MAIN_CLAIM,CLAIM,AGE,IS_VALID,LINK) values ('CN111653892A','用于飞机壁板自动制孔和自动钻铆的双目视觉求法矢方法',1,'H01Q1/57??','8','中钢集团耐火材料有限公司','苏州英俊科技有限公司','310000',to_date('22-1月 -19','DD-MON-RR'),'CN111651682A','本发明公开了一种模型标记方法、装置、存储介质及电子设备，其中方法包括：获取三维模型，识别所述三维模型的场景信息和待标记部件的部件信息；将所述场景信息和所述部件信息进行二维渲染，生成二维的待标记图像；基于各所述待标记部件在所述待标记图像的分布状态，确定对各所述待标记部件进行标记的标记组件的属性信息；基于所述各所述待标记部件对应的标记组件的属性信息以及所述待标记部件的标记内容，在所述待标记图像中对各所述待标记部件进行标记。基于各待标记部件的分布状态确定对应标记组件的属性信息，保证了各待标记部件标记组件在待标记图像中均匀分布，避免多个标记分布密集导致标记混乱的情况，提高了标记清晰度。','1.一种模型标记方法，其特征在于，包括：获取三维模型，识别所述三维模型的场景信息和待标记部件的部件信息；将所述场景信息和所述部件信息进行二维渲染，生成二维的待标记图像；基于各所述待标记部件在所述待标记图像的分布状态，确定对各所述待标记部件进行标记的标记组件的属性信息；基于所述各所述待标记部件对应的标记组件的属性信息以及所述待标记部件的标记内容，在所述待标记图像中对各所述待标记部件进行标记。','1.一种模型标记方法，其特征在于，包括：获取三维模型，识别所述三维模型的场景信息和待标记部件的部件信息；将所述场景信息和所述部件信息进行二维渲染，生成二维的待标记图像；基于各所述待标记部件在所述待标记图像的分布状态，确定对各所述待标记部件进行标记的标记组件的属性信息；基于所述各所述待标记部件对应的标记组件的属性信息以及所述待标记部件的标记内容，在所述待标记图像中对各所述待标记部件进行标记。',1,'1','http://cprs.patentstar.com.cn/Search/Detail?ANE=4ACA9HGE9DGC1BAA9IFF9GGD9CDD9IBC4BDA9EGC9BHD9HIH');
Insert into PATENT (APP_NUM,NAME,PATENT_TYPE,CLASS_CODE,DESIGNER_ID,PATENTEE_NAME,PROPOSER_NAME,PLACE_CODE,APP_DATE,PUBLIC_NUM,ABSTRACT,MAIN_CLAIM,CLAIM,AGE,IS_VALID,LINK) values ('CN111653888A','牛病毒性腹泻病毒重组亚单位疫苗',1,'H01Q1/53??','8','中钢集团耐火材料有限公司','胜利油田东方鹏达非金属制品有限公司','310000',to_date('18-1月 -19','DD-MON-RR'),'CN111648696B','本申请涉及一种基于深度视频事件补全的视频数据异常识别方法和装置。所述方法包括：获取当前视频帧中前景目标所在区域，从当前视频帧所在的预设长度视频帧序列中，获取各视频帧在前景目标区域的图像数据，根据得到的图像数据序列生成视频事件数据，从视频事件数据中抽除图像数据得到不完整视频事件数据，输入预设的深度视频事件补全模型进行外观补全和运动补全，根据补全结果和被抽除图像数据间的误差识别视频事件数据中的异常。上述方法使用基于深度神经网络的深度视频事件补全模型，结合外观补全和运动补全方式补全不完整视频事件，充分挖掘了视频事件数据中的高层次语义特征，利用了视频中的上下文信息，有效提升了识别异常视频事件的性能。','?1.一种基于深度视频事件补全的视频数据异常识别方法，其特征在于，所述方法包括：获取当前视频帧中前景目标所在的前景目标区域，从包括当前视频帧的预设长度的视频帧序列中，获取每个视频帧在所述前景目标区域的图像数据，根据得到的图像数据序列生成视频事件数据；从所述视频事件数据的所述图像数据序列中抽除预设数量的图像数据，得到对应的不完整视频事件数据，将所述不完整视频事件数据输入预先训练的深度视频事件补全模型，得到对应的外观补全图像数据和运动信息补全数据；所述深度视频事件补全模型包括基于深度神经网络的外观补全网络和运动补全网络；根据被抽除的所述图像数据和所述外观补全图像数据之间的误差，以及根据被抽除的所述图像数据的运动信息数据和所述运动信息补全数据之间的误差，识别所述视频事件数据中的异常。','?1.一种基于深度视频事件补全的视频数据异常识别方法，其特征在于，所述方法包括：获取当前视频帧中前景目标所在的前景目标区域，从包括当前视频帧的预设长度的视频帧序列中，获取每个视频帧在所述前景目标区域的图像数据，根据得到的图像数据序列生成视频事件数据；从所述视频事件数据的所述图像数据序列中抽除预设数量的图像数据，得到对应的不完整视频事件数据，将所述不完整视频事件数据输入预先训练的深度视频事件补全模型，得到对应的外观补全图像数据和运动信息补全数据；所述深度视频事件补全模型包括基于深度神经网络的外观补全网络和运动补全网络；根据被抽除的所述图像数据和所述外观补全图像数据之间的误差，以及根据被抽除的所述图像数据的运动信息数据和所述运动信息补全数据之间的误差，识别所述视频事件数据中的异常。',1,'1','http://cprs.patentstar.com.cn/Search/Detail?ANE=6EAA8CGA9FFD9FFB9IAA2ACA9ACADFGA5DAA9EEH9FGC7BFA');
Insert into PATENT (APP_NUM,NAME,PATENT_TYPE,CLASS_CODE,DESIGNER_ID,PATENTEE_NAME,PROPOSER_NAME,PLACE_CODE,APP_DATE,PUBLIC_NUM,ABSTRACT,MAIN_CLAIM,CLAIM,AGE,IS_VALID,LINK) values ('CN111653889A','一种抗肿瘤疫苗抗原原料的制备方法及应用',0,'H01Q1/54??','8','中钢集团耐火材料有限公司','胜利油田东方鹏达非金属制品有限公司','310000',to_date('19-1月 -19','DD-MON-RR'),'CN111648697B','?本发明属于结构工程技术领域的一种波纹钢板墙混合连接节点，技术方案为：波纹钢板墙包括波纹钢板、竖向边缘构件、水平T形鱼尾板；竖向边缘构件分别焊接在波纹钢板的左右两侧；水平T形鱼尾板通过翼缘板分别焊接在波纹钢板的上下两侧；框架梁位于波纹钢板墙的上下两侧；竖向边缘构件与框架梁采用销轴连接，水平T形鱼尾板与框架梁采用螺栓连接。其易于安装和更换，且在地震作用下疲劳性能更好。','1.一种波纹钢板墙混合连接节点，波纹钢板墙包括波纹钢板(1)、竖向边缘构件(2)、水平T形鱼尾板(4)；所述竖向边缘构件(2)分别焊接在所述波纹钢板(1)的左右两侧；所述水平T形鱼尾板(4)通过翼缘板分别焊接在所述波纹钢板(1)的上下两侧；框架梁(3)位于所述波纹钢板墙的上下两侧；其特征在于：所述竖向边缘构件(2)与所述框架梁(3)采用销轴连接，所述水平T形鱼尾板(4)与所述框架梁(3)采用螺栓连接。','1.一种波纹钢板墙混合连接节点，波纹钢板墙包括波纹钢板(1)、竖向边缘构件(2)、水平T形鱼尾板(4)；所述竖向边缘构件(2)分别焊接在所述波纹钢板(1)的左右两侧；所述水平T形鱼尾板(4)通过翼缘板分别焊接在所述波纹钢板(1)的上下两侧；框架梁(3)位于所述波纹钢板墙的上下两侧；其特征在于：所述竖向边缘构件(2)与所述框架梁(3)采用销轴连接，所述水平T形鱼尾板(4)与所述框架梁(3)采用螺栓连接。',1,'1','http://cprs.patentstar.com.cn/Search/Detail?ANE=9BHB9EGB9FGE7DEA6FAA7CFA9AIFBFFA9EIH7CDA9FIGBIFA');
Insert into PATENT (APP_NUM,NAME,PATENT_TYPE,CLASS_CODE,DESIGNER_ID,PATENTEE_NAME,PROPOSER_NAME,PLACE_CODE,APP_DATE,PUBLIC_NUM,ABSTRACT,MAIN_CLAIM,CLAIM,AGE,IS_VALID,LINK) values ('CN111653890A','牛轮状病毒融合蛋白和犊牛腹泻多联疫苗',1,'H01Q1/55??','8','中钢集团耐火材料有限公司','胜利油田东方鹏达非金属制品有限公司','310000',to_date('20-1月 -19','DD-MON-RR'),'CN111648698B','本发明涉及一种分布式液位平衡型竖向阻尼器，包括至少两个第一水箱、至少一个第二水箱、用于连通相邻第一水箱和第二水箱的液位平衡连通管；所述第一水箱顶部设有调压孔，所述第一水箱内设置有至少一个挡板，所述挡板通过固定组件固定在第一水箱上；所述第二水箱顶部设置有密闭空气室；本发明构造形式简单、价格低廉、容易安装、耗能能力好、自动激活性能好、调频能力强，能够根据桥梁结构自身振动模态及阻尼特性进行阻尼器的分布式设计，对桥梁多阶竖弯振动模态，均可提供阻尼，对桥梁结构的竖向振动进行有效控制，提高桥梁的舒适度和安全度。','1.一种分布式液位平衡型竖向阻尼器，其特征在于，包括至少两个第一水箱(10)、至少一个第二水箱(20)、用于连通相邻第一水箱(10)和第二水箱(20)的液位平衡连通管(30)；所述第一水箱(10)顶部设有调压孔(60)，所述第一水箱(10)内设置有至少一个挡板(40)，所述挡板(40)通过固定组件(50)固定在第一水箱(10)上；所述第二水箱(20)顶部设置有密闭空气室(70)。','1.一种分布式液位平衡型竖向阻尼器，其特征在于，包括至少两个第一水箱(10)、至少一个第二水箱(20)、用于连通相邻第一水箱(10)和第二水箱(20)的液位平衡连通管(30)；所述第一水箱(10)顶部设有调压孔(60)，所述第一水箱(10)内设置有至少一个挡板(40)，所述挡板(40)通过固定组件(50)固定在第一水箱(10)上；所述第二水箱(20)顶部设置有密闭空气室(70)。',1,'1','http://cprs.patentstar.com.cn/Search/Detail?ANE=2AAA9HFD9HDD9IFE9FGD5EBA9CHG8DAA9CDE7EDA9DDC9CFE');
Insert into PATENT (APP_NUM,NAME,PATENT_TYPE,CLASS_CODE,DESIGNER_ID,PATENTEE_NAME,PROPOSER_NAME,PLACE_CODE,APP_DATE,PUBLIC_NUM,ABSTRACT,MAIN_CLAIM,CLAIM,AGE,IS_VALID,LINK) values ('CN111653887A','一种鸭源鸡杆菌和用该菌制备的灭活疫苗',1,'H01Q1/52??','7','中钢集团耐火材料有限公司','胜利油田东方鹏达非金属制品有限公司','310000',to_date('17-1月 -19','DD-MON-RR'),'CN111648695B','本申请实施例提供一种云网融合环境下基于智能信息推荐的消息推送方法及装置，首先获取用户终端的当前匹配空间道路，然后根据当前匹配空间道路从服务器中查询匹配的目标信息推荐区域，基于目标信息推荐区域计算并提取用户终端的推送特征参数，并根据推送特征参数确定用户终端的推送消息序列，从而根据用户终端的推送消息序列对用户终端进行特定消息推送。通过以上设计，可以为用户的安全出行提供公共安全事件信息的主动推送提示，防止公共安全事件扩散或爆发。','1.一种云网融合环境下基于智能信息推荐的消息推送方法，其特征在于，应用于与用户终端通信连接的服务器，所述方法包括：获取所述用户终端的当前匹配空间道路；根据所述当前匹配空间道路从服务器中查询匹配的目标信息推荐区域，基于所述目标信息推荐区域计算并提取所述用户终端的推送特征参数，并根据所述推送特征参数确定所述用户终端的推送消息序列；根据所述用户终端的推送消息序列对所述用户终端进行特定消息推送；所述计算并提取的所述用户终端的推送特征参数，并根据所述推送特征参数确定所述用户终端的推送消息序列的步骤，包括：计算所述当前匹配空间道路在所述目标信息推荐区域中的推送预测距离；获取所述当前匹配空间道路所在道路网络对于携带所述用户终端的出行人的熟悉度以及出行人的当前行走速度；根据所述熟悉度和所述当前行走速度计算所述出行人的理论行走速度，并根据所述理论行走速度和所述推送预测距离计算所述出行人在所述目标信息推荐区域中的总推送时长；从预先配置的特定消息数据库中获取与所述总推送时长匹配的多个待推送特定消息，并分别确定每个待推送特定消息的推送时长、推送状态、推送优先级以及推送强度，作为所述用户终端对应的每个待推送特定消息的推送特征参数；将每个待推送特定消息以及每个待推送特定消息的推送特征参数进行关联映射并排列，得到所述用户终端的推送消息序列。','1.一种云网融合环境下基于智能信息推荐的消息推送方法，其特征在于，应用于与用户终端通信连接的服务器，所述方法包括：获取所述用户终端的当前匹配空间道路；根据所述当前匹配空间道路从服务器中查询匹配的目标信息推荐区域，基于所述目标信息推荐区域计算并提取所述用户终端的推送特征参数，并根据所述推送特征参数确定所述用户终端的推送消息序列；根据所述用户终端的推送消息序列对所述用户终端进行特定消息推送；所述计算并提取的所述用户终端的推送特征参数，并根据所述推送特征参数确定所述用户终端的推送消息序列的步骤，包括：计算所述当前匹配空间道路在所述目标信息推荐区域中的推送预测距离；获取所述当前匹配空间道路所在道路网络对于携带所述用户终端的出行人的熟悉度以及出行人的当前行走速度；根据所述熟悉度和所述当前行走速度计算所述出行人的理论行走速度，并根据所述理论行走速度和所述推送预测距离计算所述出行人在所述目标信息推荐区域中的总推送时长；从预先配置的特定消息数据库中获取与所述总推送时长匹配的多个待推送特定消息，并分别确定每个待推送特定消息的推送时长、推送状态、推送优先级以及推送强度，作为所述用户终端对应的每个待推送特定消息的推送特征参数；将每个待推送特定消息以及每个待推送特定消息的推送特征参数进行关联映射并排列，得到所述用户终端的推送消息序列。',1,'1','http://cprs.patentstar.com.cn/Search/Detail?ANE=9HBB1ABA7BEA9DIC9HFE9ICBCEIABFFA9EHH9EEG6BBA9FDE');
Insert into PATENT (APP_NUM,NAME,PATENT_TYPE,CLASS_CODE,DESIGNER_ID,PATENTEE_NAME,PROPOSER_NAME,PLACE_CODE,APP_DATE,PUBLIC_NUM,ABSTRACT,MAIN_CLAIM,CLAIM,AGE,IS_VALID,LINK) values ('CN111653884A','基于加热家电设备的食材加热方法和装置',1,'H01Q1/49??','7','中钢集团耐火材料有限公司','胜利油田东方鹏达非金属制品有限公司','310000',to_date('14-1月 -19','DD-MON-RR'),'CN111648692B','本发明涉及一种左室假腱索植入系统，所述的左室假腱索植入系统包括固定片、动脉导管未闭封堵器、人工腱索、细钢丝；所述的人工腱索前后两端分别与固定片和动脉导管未闭封堵器连接；所述的细钢丝固定设于人工腱索末端表面位置；所述的固定片为软塑料固定片，表面设有多个固定孔；所述的动脉导管未闭封堵器直径为4/6mm；所述的细钢丝有多个，且长均为2mm。其优点表现在：本发明采用微创结合介入的方式，释放固定片和动脉导管未闭封堵器分别固定于瓣膜和心肌外侧，从而可用于人工腱索的固定，起到瓣膜与乳头肌之间的连接，使得二尖瓣可正常恢复至关闭状态，从而有效解决二尖瓣反流的问题，且创伤小、术后恢复快。','1.一种左室假腱索植入系统，其特征在于，所述的左室假腱索植入系统包括固定片、动脉导管未闭封堵器、人工腱索、细钢丝；所述的人工腱索前后两端分别与固定片和动脉导管未闭封堵器连接；所述的细钢丝固定设于人工腱索末端表面位置。','1.一种左室假腱索植入系统，其特征在于，所述的左室假腱索植入系统包括固定片、动脉导管未闭封堵器、人工腱索、细钢丝；所述的人工腱索前后两端分别与固定片和动脉导管未闭封堵器连接；所述的细钢丝固定设于人工腱索末端表面位置。',1,'1','http://cprs.patentstar.com.cn/Search/Detail?ANE=9GGF0AAA9IEF9HHF9GDB9HCA9BEC8HAAAIGA7FCA9IBDBHGA');
Insert into PATENT (APP_NUM,NAME,PATENT_TYPE,CLASS_CODE,DESIGNER_ID,PATENTEE_NAME,PROPOSER_NAME,PLACE_CODE,APP_DATE,PUBLIC_NUM,ABSTRACT,MAIN_CLAIM,CLAIM,AGE,IS_VALID,LINK) values ('CN111653885A','一种即食马铃薯中空片的加工方法',0,'H01Q1/50??','7','中钢集团耐火材料有限公司','胜利油田东方鹏达非金属制品有限公司','310000',to_date('15-1月 -19','DD-MON-RR'),'CN111648693B','本发明涉及一种移动式灯具，包括：光源结构，所述光源结构活动覆盖于位于目标部件所在的目标区域；且所述目标部件穿过所述光源结构可视化呈现；第一导轨，所述第一导轨设于所述光源结构的一侧；驱动结构，所述驱动结构滑动连接于所述第一导轨；所述驱动结构带动所述光源结构沿所述第一导轨移动，以调整所述光源结构在所述目标区域所在平面的投影与所述目标区域的相对位置。上述移动式灯具操作简便，响应速度快，运行稳定性高。','?1.一种移动式灯具，其特征在于，包括：光源结构，所述光源结构活动覆盖于位于目标部件所在的目标区域；且所述目标部件穿过所述光源结构可视化呈现；第一导轨，所述第一导轨设于所述光源结构的一侧；驱动结构，所述驱动结构滑动连接于所述第一导轨；所述驱动结构带动所述光源结构沿所述第一导轨移动，以调整所述光源结构在所述目标区域所在平面的投影与所述目标区域的相对位置。','?1.一种移动式灯具，其特征在于，包括：光源结构，所述光源结构活动覆盖于位于目标部件所在的目标区域；且所述目标部件穿过所述光源结构可视化呈现；第一导轨，所述第一导轨设于所述光源结构的一侧；驱动结构，所述驱动结构滑动连接于所述第一导轨；所述驱动结构带动所述光源结构沿所述第一导轨移动，以调整所述光源结构在所述目标区域所在平面的投影与所述目标区域的相对位置。',1,'1','http://cprs.patentstar.com.cn/Search/Detail?ANE=9GGF5FAA9DGC6CEA9ICC9BIA9IDHHIHA8BBA8AGA9FGF7FBA');
Insert into PATENT (APP_NUM,NAME,PATENT_TYPE,CLASS_CODE,DESIGNER_ID,PATENTEE_NAME,PROPOSER_NAME,PLACE_CODE,APP_DATE,PUBLIC_NUM,ABSTRACT,MAIN_CLAIM,CLAIM,AGE,IS_VALID,LINK) values ('CN111653886A','重组金黄色葡萄球菌疫苗HI蛋白原液中GST残留量检测方法及GST蛋白标准品和应用',0,'H01Q1/51??','7','中钢集团耐火材料有限公司','胜利油田东方鹏达非金属制品有限公司','310000',to_date('16-1月 -19','DD-MON-RR'),'CN111648694B','本发明公开了一种隧道BIM快速建模方法，包括以下步骤：一、绘制隧道平面图和隧道纵断面图；二、获取设计隧道中心线；三、设计隧道中心线上标记标签；四、获取校正隧道中心线上各个标签的坐标；五、创建盾构管片块；六、盾构管片的拼接,完成隧道建模。本发明方法步骤简单，设计新颖合理，将设计隧道中心线上各个标签的坐标进行校正，从而有效地适应弯道上超高和超距的存在，并在隧道中心线曲线段进行盾构管片环拼接时进行管片块的校正，有效地适应隧道的真实情况，提高了隧道模型精度，且效率高。','?1.一种基于深度视频事件补全的视频数据异常识别方法，其特征在于，所述方法包括：获取当前视频帧中前景目标所在的前景目标区域，从包括当前视频帧的预设长度的视频帧序列中，获取每个视频帧在所述前景目标区域的图像数据，根据得到的图像数据序列生成视频事件数据；从所述视频事件数据的所述图像数据序列中抽除预设数量的图像数据，得到对应的不完整视频事件数据，将所述不完整视频事件数据输入预先训练的深度视频事件补全模型，得到对应的外观补全图像数据和运动信息补全数据；所述深度视频事件补全模型包括基于深度神经网络的外观补全网络和运动补全网络；根据被抽除的所述图像数据和所述外观补全图像数据之间的误差，以及根据被抽除的所述图像数据的运动信息数据和所述运动信息补全数据之间的误差，识别所述视频事件数据中的异常。','?1.一种基于深度视频事件补全的视频数据异常识别方法，其特征在于，所述方法包括：获取当前视频帧中前景目标所在的前景目标区域，从包括当前视频帧的预设长度的视频帧序列中，获取每个视频帧在所述前景目标区域的图像数据，根据得到的图像数据序列生成视频事件数据；从所述视频事件数据的所述图像数据序列中抽除预设数量的图像数据，得到对应的不完整视频事件数据，将所述不完整视频事件数据输入预先训练的深度视频事件补全模型，得到对应的外观补全图像数据和运动信息补全数据；所述深度视频事件补全模型包括基于深度神经网络的外观补全网络和运动补全网络；根据被抽除的所述图像数据和所述外观补全图像数据之间的误差，以及根据被抽除的所述图像数据的运动信息数据和所述运动信息补全数据之间的误差，识别所述视频事件数据中的异常。',1,'1','http://cprs.patentstar.com.cn/Search/Detail?ANE=8FBA4CCA9CIC9FCH3BBA9EFB9HAA9GAB5ABA9FAE9DGF9BFC');
Insert into PATENT (APP_NUM,NAME,PATENT_TYPE,CLASS_CODE,DESIGNER_ID,PATENTEE_NAME,PROPOSER_NAME,PLACE_CODE,APP_DATE,PUBLIC_NUM,ABSTRACT,MAIN_CLAIM,CLAIM,AGE,IS_VALID,LINK) values ('CN111653882A','一种具有辅助降血糖功效的海参多糖产品的制备方法',0,'H01Q1/47??','7','中钢集团耐火材料有限公司','胜利油田东方鹏达非金属制品有限公司','310000',to_date('12-1月 -19','DD-MON-RR'),'CN111648690B','?本发明提供了一种荧光标记的人三阴性乳腺癌骨转移细胞株，通过下述方法制备而成：一个培养人源三阴性乳腺癌细胞MDA?MB?231的步骤；扩增含有红色荧光蛋白RFP的慢病毒载体，制备含有红色荧光标记的MDA?MB?231细胞；将RFP?MDA?MB?231细胞移植到裸鼠第四对乳腺脂肪垫位置，生长成瘤；4?6周后取后肢胫骨，用缓冲溶液冲取骨髓，再采用胶原酶消化，获得骨髓来源单细胞，体外培养扩增，流式细胞技术分选红色荧光细胞；通过裸鼠体内成瘤筛选，得到红色荧光标记的MDA?MB?231人三阴性乳腺癌骨转移细胞株。本发明具有骨转移特征，并且有荧光蛋白标记，实现了细胞在体内和体外的可视化、可示踪。','?1.一种荧光标记的人三阴性乳腺癌骨转移细胞株，其特征在于通过下述的方法制备而成：1）一个培养人源三阴性乳腺癌细胞MDA-MB-231的步骤；2）扩增含有红色荧光蛋白RFP的慢病毒载体，利用慢病毒转染细胞的方法，转染MDA-MB-231细胞，制备含有红色荧光标记的MDA-MB-231细胞；3）通过流式细胞仪分选，获得红色荧光RFP-MDA-MB-231细胞；4）将RFP-MDA-MB-231细胞移植到裸鼠第四对乳腺脂肪垫位置，然后进行哺育4-6周成瘤；5）肿瘤直径达到0.8-1.2cm时，处死裸鼠，解剖，取后肢胫骨，无菌环境下，用PH7.4的1xPBS缓冲溶液冲取骨髓，再采用胶原酶消化，获得骨髓来源单细胞，体外培养扩增；6）利用流式细胞分析仪，检测并分选从乳腺肿瘤转移到骨的红色荧光乳腺癌细胞，体外培养扩增，作为P1代乳腺癌骨转移细胞；7）扩增P1代乳腺癌骨转移细胞，移植裸鼠，重复上述第4-第6步，获得P2代乳腺癌骨转移细胞；8）扩增P2代乳腺癌骨转移细胞，移植裸鼠，重复上述第4-第6步，获得P3代乳腺癌骨转移细胞；9）通过上述三轮的裸鼠体内成瘤筛选，得到红色荧光标记的MDA-MB-231人三阴性乳腺癌骨转移细胞株。','?1.一种荧光标记的人三阴性乳腺癌骨转移细胞株，其特征在于通过下述的方法制备而成：1）一个培养人源三阴性乳腺癌细胞MDA-MB-231的步骤；2）扩增含有红色荧光蛋白RFP的慢病毒载体，利用慢病毒转染细胞的方法，转染MDA-MB-231细胞，制备含有红色荧光标记的MDA-MB-231细胞；3）通过流式细胞仪分选，获得红色荧光RFP-MDA-MB-231细胞；4）将RFP-MDA-MB-231细胞移植到裸鼠第四对乳腺脂肪垫位置，然后进行哺育4-6周成瘤；5）肿瘤直径达到0.8-1.2cm时，处死裸鼠，解剖，取后肢胫骨，无菌环境下，用PH7.4的1xPBS缓冲溶液冲取骨髓，再采用胶原酶消化，获得骨髓来源单细胞，体外培养扩增；6）利用流式细胞分析仪，检测并分选从乳腺肿瘤转移到骨的红色荧光乳腺癌细胞，体外培养扩增，作为P1代乳腺癌骨转移细胞；7）扩增P1代乳腺癌骨转移细胞，移植裸鼠，重复上述第4-第6步，获得P2代乳腺癌骨转移细胞；8）扩增P2代乳腺癌骨转移细胞，移植裸鼠，重复上述第4-第6步，获得P3代乳腺癌骨转移细胞；9）通过上述三轮的裸鼠体内成瘤筛选，得到红色荧光标记的MDA-MB-231人三阴性乳腺癌骨转移细胞株。',1,'1','http://cprs.patentstar.com.cn/Search/Detail?ANE=9BHB1BAAAHIA9FIE9AIA7GBA9CED9AHDBHIA6CDA9GDH9CDB');
Insert into PATENT (APP_NUM,NAME,PATENT_TYPE,CLASS_CODE,DESIGNER_ID,PATENTEE_NAME,PROPOSER_NAME,PLACE_CODE,APP_DATE,PUBLIC_NUM,ABSTRACT,MAIN_CLAIM,CLAIM,AGE,IS_VALID,LINK) values ('CN111653883A','基于烹饪器具的减盐方法和装置',1,'H01Q1/48??','7','中钢集团耐火材料有限公司','胜利油田东方鹏达非金属制品有限公司','310000',to_date('13-1月 -19','DD-MON-RR'),'CN111648691B','?一种带自封袋的试剂瓶，涉及医用器材技术领域，该试剂瓶包括瓶体，及用于封盖瓶体上端瓶口的瓶盖，其特征在于：所述瓶体的外壁固定有储袋仓，储袋仓内存放有自封袋，储袋仓上开设有用于抽出自封袋的仓口，所述自封袋的袋口边缘部位从储袋仓的仓口伸出；所述瓶盖上设有可转动的转杆，转杆上设有一个软质连接带，软质连接带的一端与转杆固接，软质连接带的另一端与自封袋的袋口边缘部固接。本发明提供的试剂瓶，特别适用于咽拭子采样。','?1.一种带自封袋的试剂瓶，包括瓶体，及用于封盖瓶体上端瓶口的瓶盖，其特征在于：所述瓶体的外壁固定有储袋仓，储袋仓内存放有自封袋，储袋仓上开设有用于抽出自封袋的仓口，所述自封袋的袋口边缘部位从储袋仓的仓口伸出；所述瓶盖上设有可转动的转杆，转杆上设有一个软质连接带，软质连接带的一端与转杆固接，软质连接带的另一端与自封袋的袋口边缘部固接。','?1.一种带自封袋的试剂瓶，包括瓶体，及用于封盖瓶体上端瓶口的瓶盖，其特征在于：所述瓶体的外壁固定有储袋仓，储袋仓内存放有自封袋，储袋仓上开设有用于抽出自封袋的仓口，所述自封袋的袋口边缘部位从储袋仓的仓口伸出；所述瓶盖上设有可转动的转杆，转杆上设有一个软质连接带，软质连接带的一端与转杆固接，软质连接带的另一端与自封袋的袋口边缘部固接。',1,'1','http://cprs.patentstar.com.cn/Search/Detail?ANE=8ECA7DEA9EHE6AGA9FGD2ACA9BEC9EGC9FEGAGDA9BGA9EAE');
Insert into PATENT (APP_NUM,NAME,PATENT_TYPE,CLASS_CODE,DESIGNER_ID,PATENTEE_NAME,PROPOSER_NAME,PLACE_CODE,APP_DATE,PUBLIC_NUM,ABSTRACT,MAIN_CLAIM,CLAIM,AGE,IS_VALID,LINK) values ('CN111653880A','一种加热效果好的食物料理机',1,'H01Q1/45??','6','中钢集团耐火材料有限公司','胜利油田东方鹏达非金属制品有限公司','310000',to_date('10-1月 -19','DD-MON-RR'),'CN111648688B','?本发明涉及一种分布式液位平衡型竖向阻尼器，包括至少两个第一水箱、至少一个第二水箱、用于连通相邻第一水箱和第二水箱的液位平衡连通管；所述第一水箱顶部设有调压孔，所述第一水箱内设置有至少一个挡板，所述挡板通过固定组件固定在第一水箱上；所述第二水箱顶部设置有密闭空气室；本发明构造形式简单、价格低廉、容易安装、耗能能力好、自动激活性能好、调频能力强，能够根据桥梁结构自身振动模态及阻尼特性进行阻尼器的分布式设计，对桥梁多阶竖弯振动模态，均可提供阻尼，对桥梁结构的竖向振动进行有效控制，提高桥梁的舒适度和安全度。','1.一种分布式液位平衡型竖向阻尼器，其特征在于，包括至少两个第一水箱(10)、至少一个第二水箱(20)、用于连通相邻第一水箱(10)和第二水箱(20)的液位平衡连通管(30)；所述第一水箱(10)顶部设有调压孔(60)，所述第一水箱(10)内设置有至少一个挡板(40)，所述挡板(40)通过固定组件(50)固定在第一水箱(10)上；所述第二水箱(20)顶部设置有密闭空气室(70)。','1.一种分布式液位平衡型竖向阻尼器，其特征在于，包括至少两个第一水箱(10)、至少一个第二水箱(20)、用于连通相邻第一水箱(10)和第二水箱(20)的液位平衡连通管(30)；所述第一水箱(10)顶部设有调压孔(60)，所述第一水箱(10)内设置有至少一个挡板(40)，所述挡板(40)通过固定组件(50)固定在第一水箱(10)上；所述第二水箱(20)顶部设置有密闭空气室(70)。',1,'1','http://cprs.patentstar.com.cn/Search/Detail?ANE=9AHA3ADA9EGD7DEA9HFE7FCAAHEA9GACDIEA7HAA8BCA7ABA');
Insert into PATENT (APP_NUM,NAME,PATENT_TYPE,CLASS_CODE,DESIGNER_ID,PATENTEE_NAME,PROPOSER_NAME,PLACE_CODE,APP_DATE,PUBLIC_NUM,ABSTRACT,MAIN_CLAIM,CLAIM,AGE,IS_VALID,LINK) values ('CN111653881A','一种基于饮食习惯预测糖尿病的模型构建方法',0,'H01Q1/46??','6','中钢集团耐火材料有限公司','胜利油田东方鹏达非金属制品有限公司','310000',to_date('11-1月 -19','DD-MON-RR'),'CN111648689B','本发明公开了一种测试混凝土开裂情况下焊钉抗剪性能的试验方法，试验时把试件放置到试验框架中；试件包括工字型混凝土试件和钢结构，钢结构与工字型混凝土试件之间通过焊钉连接，腹板块体上设置有横向刻槽；在上翼缘块体和下翼缘块体之间放置千斤顶，然后同步对称施加压力，继续施加千斤顶使得腹板块体沿着刻槽的位置发生开裂，得到开展状态的混凝土；试验框架内设置有上平台和下平台，竖向加载油缸通过上平台对钢结构施加压力，直到焊钉被剪断为止，得到焊钉的抗剪承载力；本发明的试验方法测出的抗剪力学性能可以更加真实地反映出位于混凝土开裂区的焊钉连接件的受力特性，更加符合实际工程情况。','1.一种测试混凝土开裂情况下焊钉抗剪性能的试验方法，其特征在于，包括以下步骤：(1)把试件放置到试验框架中；试件包括工字型混凝土试件和钢结构，所述工字型混凝土试件包括上翼缘块体、下翼缘块体和腹板块体，所述工字型混凝土试件的腹板块体的前后侧设置有所述钢结构，所述钢结构与所述工字型混凝土试件之间通过焊钉连接，所述腹板块体上设置有横向刻槽；(2)在工字型混凝土试件的上翼缘块体和下翼缘块体之间放置千斤顶，然后同步对称施加压力，使得每一个千斤顶的上、下端分别与上翼缘块体的下表面和下翼缘块体的上表面接触顶紧，千斤顶继续施加压力使得腹板块体沿着刻槽的位置发生开裂，得到开展状态的混凝土，根据裂缝宽度需要的大小调整好千斤顶的力，并进行锁定保持该力不变；(3)所述试验框架内设置有上平台和下平台，所述上平台设置于所述工字型混凝土试件的顶部，所述下平台设置于所述工字型混凝土试件的底部，所述上平台与所述上翼缘块体之间留有竖向空间，所述上平台与所述试验框架的上横梁之间设置有竖向加载油缸，两个所述钢结构底部悬空，两个所述钢结构的顶端凸出于所述上翼缘块体的顶端面，竖向加载油缸通过上平台对钢结构施加压力，直到焊钉被剪断为止，得到焊钉的抗剪承载力。','1.一种测试混凝土开裂情况下焊钉抗剪性能的试验方法，其特征在于，包括以下步骤：(1)把试件放置到试验框架中；试件包括工字型混凝土试件和钢结构，所述工字型混凝土试件包括上翼缘块体、下翼缘块体和腹板块体，所述工字型混凝土试件的腹板块体的前后侧设置有所述钢结构，所述钢结构与所述工字型混凝土试件之间通过焊钉连接，所述腹板块体上设置有横向刻槽；(2)在工字型混凝土试件的上翼缘块体和下翼缘块体之间放置千斤顶，然后同步对称施加压力，使得每一个千斤顶的上、下端分别与上翼缘块体的下表面和下翼缘块体的上表面接触顶紧，千斤顶继续施加压力使得腹板块体沿着刻槽的位置发生开裂，得到开展状态的混凝土，根据裂缝宽度需要的大小调整好千斤顶的力，并进行锁定保持该力不变；(3)所述试验框架内设置有上平台和下平台，所述上平台设置于所述工字型混凝土试件的顶部，所述下平台设置于所述工字型混凝土试件的底部，所述上平台与所述上翼缘块体之间留有竖向空间，所述上平台与所述试验框架的上横梁之间设置有竖向加载油缸，两个所述钢结构底部悬空，两个所述钢结构的顶端凸出于所述上翼缘块体的顶端面，竖向加载油缸通过上平台对钢结构施加压力，直到焊钉被剪断为止，得到焊钉的抗剪承载力。',1,'1','http://cprs.patentstar.com.cn/Search/Detail?ANE=6BDA9FGC9GDC9FHD9HIH9FIE7ABA9IDHAHGA9EFD9IBA9GEE');
Insert into PATENT (APP_NUM,NAME,PATENT_TYPE,CLASS_CODE,DESIGNER_ID,PATENTEE_NAME,PROPOSER_NAME,PLACE_CODE,APP_DATE,PUBLIC_NUM,ABSTRACT,MAIN_CLAIM,CLAIM,AGE,IS_VALID,LINK) values ('CN111653879A','游戏中虚拟资源的破碎方法及装置',1,'H01Q1/44??','6','中钢集团耐火材料有限公司','胜利油田东方鹏达非金属制品有限公司','310000',to_date('09-1月 -19','DD-MON-RR'),'CN111648687B','本发明公开了一种肢体局部给药和透析设备，包括动脉室腔和静脉室腔；所述动脉室腔和静脉室腔为通过连接组件连接的盒体，所述连接组件设置于动脉室腔和静脉室腔之间，所述动脉室腔包括盒体一和盒盖一，所述盒体一前端一侧壁上开设有两个线性阵列的开口槽，所述开口槽底部开设有第一安置槽，所述第一安置槽前端侧壁上开设有滑动槽，所述滑动槽贯穿第一安置槽；本发明通过两个L形块的相关结构；能够使得两个L形块在需要的时候能够卡入开口槽隔壁的盒盖一和盒盖二内，实现两个室腔之间的连接支撑，同时借助两个与卡接块对应的卡接槽，能够将两个室腔固定组合，能够根据需要实现自由拆卸。','?1.一种肢体局部给药和透析设备，其特征在于，包括动脉室腔(1)和静脉室腔(2)；所述动脉室腔(1)和静脉室腔(2)为通过连接组件连接的盒体，其中，所述连接组件设置于动脉室腔(1)和静脉室腔(2)之间，所述动脉室腔(1)包括盒体一(3)和盒盖一(4)，所述盒体一(3)前端一侧壁上开设有两个线性阵列的开口槽(301)，所述开口槽(301)底部开设有第一安置槽(302)，所述第一安置槽(302)前端侧壁上开设有滑动槽(303)，所述滑动槽(303)贯穿第一安置槽(302)；所述第一安置槽(302)内滑动设置有封口块(5)，封口块(5)上固定连接有滑动把手(501)，滑动把手(501)与滑动槽(303)相互配合；所述盒体一(3)前端另一侧壁上还开设有楔入口(304)；所述盒盖一(4)一侧壁上开设有两个楔口槽(8)，所述盒盖一(4)另一侧固定连接有卡块(9)，卡块(9)上开设有螺栓孔(901)，所述卡块(9)与楔入口(304)相互配合，卡块(9)通过螺栓和螺栓孔(901)固定在楔入口(304)上；所述静脉室腔(2)包括盒体二(6)和盒盖二(7)；其中盒体二(6)与盒体一(3)相邻紧贴设置，且盒体二(6)与盒体一(3)的前端呈镜像设置；前端为盒盖一(4)和盒盖二(7)所在端，且盒盖一(4)和盒盖二(7)上的结构呈镜像设置；盒体一(3)和盒体二(6)通过镜像设置的开口槽(301)内安放的连接组件连接，连接组件包括镜像设置的两个L形块(10)，L形块(10)前端侧壁设置有贯穿本体的第一通孔(1001)，第一通孔(1001)内设置活动槽(1002)，活动槽(1002)与第一通孔(1001)同轴设置，且活动槽(1002)内径大于第一通孔(1001)内径；所述活动槽(1002)内滑动设置有限位圆块(11)，限位圆块(11)通过连接柱(1101)固定连接有限位圆块二(1102)；限位圆块(11)和限位圆块二(1102)分别位于两端L形块(10)的活动槽(1002)内，且连接柱(1101)与第一通孔(1101)相互配合；连接柱(1101)上还套接有复位弹簧，复位弹簧固定连接在两个L形块(10)之间；所述L形块(10)一侧还开设有滑动倒角(12)；楔口槽(8)与L形块(10)相互配合。','?1.一种肢体局部给药和透析设备，其特征在于，包括动脉室腔(1)和静脉室腔(2)；所述动脉室腔(1)和静脉室腔(2)为通过连接组件连接的盒体，其中，所述连接组件设置于动脉室腔(1)和静脉室腔(2)之间，所述动脉室腔(1)包括盒体一(3)和盒盖一(4)，所述盒体一(3)前端一侧壁上开设有两个线性阵列的开口槽(301)，所述开口槽(301)底部开设有第一安置槽(302)，所述第一安置槽(302)前端侧壁上开设有滑动槽(303)，所述滑动槽(303)贯穿第一安置槽(302)；所述第一安置槽(302)内滑动设置有封口块(5)，封口块(5)上固定连接有滑动把手(501)，滑动把手(501)与滑动槽(303)相互配合；所述盒体一(3)前端另一侧壁上还开设有楔入口(304)；所述盒盖一(4)一侧壁上开设有两个楔口槽(8)，所述盒盖一(4)另一侧固定连接有卡块(9)，卡块(9)上开设有螺栓孔(901)，所述卡块(9)与楔入口(304)相互配合，卡块(9)通过螺栓和螺栓孔(901)固定在楔入口(304)上；所述静脉室腔(2)包括盒体二(6)和盒盖二(7)；其中盒体二(6)与盒体一(3)相邻紧贴设置，且盒体二(6)与盒体一(3)的前端呈镜像设置；前端为盒盖一(4)和盒盖二(7)所在端，且盒盖一(4)和盒盖二(7)上的结构呈镜像设置；盒体一(3)和盒体二(6)通过镜像设置的开口槽(301)内安放的连接组件连接，连接组件包括镜像设置的两个L形块(10)，L形块(10)前端侧壁设置有贯穿本体的第一通孔(1001)，第一通孔(1001)内设置活动槽(1002)，活动槽(1002)与第一通孔(1001)同轴设置，且活动槽(1002)内径大于第一通孔(1001)内径；所述活动槽(1002)内滑动设置有限位圆块(11)，限位圆块(11)通过连接柱(1101)固定连接有限位圆块二(1102)；限位圆块(11)和限位圆块二(1102)分别位于两端L形块(10)的活动槽(1002)内，且连接柱(1101)与第一通孔(1101)相互配合；连接柱(1101)上还套接有复位弹簧，复位弹簧固定连接在两个L形块(10)之间；所述L形块(10)一侧还开设有滑动倒角(12)；楔口槽(8)与L形块(10)相互配合。',1,'1','http://cprs.patentstar.com.cn/Search/Detail?ANE=9FHF4EAA9DHD3BCA9EHD9HHF9ICH9IAG7AFA5ABA8CAA8AIA');
Insert into PATENT (APP_NUM,NAME,PATENT_TYPE,CLASS_CODE,DESIGNER_ID,PATENTEE_NAME,PROPOSER_NAME,PLACE_CODE,APP_DATE,PUBLIC_NUM,ABSTRACT,MAIN_CLAIM,CLAIM,AGE,IS_VALID,LINK) values ('CN111653876A','一种应用于消除类游戏的智能测试方法及系统',1,'H01Q1/41??','6','中钢集团耐火材料有限公司','胜利油田东方鹏达非金属制品有限公司','310000',to_date('06-1月 -19','DD-MON-RR'),'CN111648684B','本实用新型涉及网线布置技术领域，具体为一种网络桥架内网线理线板结构，其能够满足大批量网线的理线要求，其包括网络桥架，其特征在于，所述网络桥架上设置有一块PVC板，所述PVC板上均匀开设置有过线孔，所述过线孔上安装有橡胶环片，所述橡胶环片由两个半圆环片拼合而成，所述半圆环片外周面开设置有卡槽，所述橡胶环片通过所述卡槽卡嵌连接所述过线孔。','1.一种网络桥架内网线理线板结构，其包括网络桥架，其特征在于，所述网络桥架上设置有一块PVC板，所述PVC板上均匀开设置有过线孔，所述过线孔上安装有橡胶环片，所述橡胶环片由两个半圆环片拼合而成，所述半圆环片外周面开设置有卡槽，所述橡胶环片通过所述卡槽卡嵌连接所述过线孔；所述橡胶环片一侧设置有标签插槽。','1.一种网络桥架内网线理线板结构，其包括网络桥架，其特征在于，所述网络桥架上设 置有一块PVC板，所述PVC板上均匀开设置有过线孔，所述过线孔上安装有橡胶环片，所述橡 胶环片由两个半圆环片拼合而成，所述半圆环片外周面开设置有卡槽，所述橡胶环片通过 所述卡槽卡嵌连接所述过线孔；所述橡胶环片一侧设置有标签插槽。',1,'3','http://cprs.patentstar.com.cn/Search/ResultList?CurrentQuery=RzA2RjMwLzEzL01D&type=cn');
Insert into PATENT (APP_NUM,NAME,PATENT_TYPE,CLASS_CODE,DESIGNER_ID,PATENTEE_NAME,PROPOSER_NAME,PLACE_CODE,APP_DATE,PUBLIC_NUM,ABSTRACT,MAIN_CLAIM,CLAIM,AGE,IS_VALID,LINK) values ('CN111653877A','游戏控制方法、显示设备及游戏控制系统',1,'H01Q1/42??','6','中钢集团耐火材料有限公司','胜利油田东方鹏达非金属制品有限公司','310000',to_date('07-1月 -19','DD-MON-RR'),'CN111648685B','本发明公开了一种包含硬装的卫生间自动设计系统及方法，主要包括生成布局、划分干湿区、生成关注区、硬装匹配。本发明针对卫生间的自动设计场景，综合考虑了墙面、顶面、地面的硬装设计，拥有了处理硬装素材的能力，可以处理的设计素材不仅有软装家具，还有各种硬装素材，解决了市面上其他自动设计系统硬装自动设计能力缺失的问题；将样板间中的硬装素材应用到目标房间中，不是简单的复制和素材替换，而是理解了样板间中每个面上的硬装设计，以关注区的形式来描述一个面上的硬装设计，使得整个系统有了“设计”能力，更加智能，输出的效果更接近设计师真实的设计方案；将卫生间划分干湿区域，有了功能区的概念，保证了系统输出设计方案的合理性。','?1.一种包含硬装的卫生间自动设计系统，其特征在于：主要包括生成布局模块、划分干湿区模块、生成关注区模块和硬装匹配模块，其中，生成布局模块，用于在目标房间中生成软装家具的布局；划分干湿区模块，用于样板间和目标房间进行干湿区子区域划分；生成关注区模块，用于根据各个家具的位置以及干湿区分区信息，结合样板间中墙、顶、地面上的硬装设计，在样板间和目标房间生成墙面、地面、顶面的硬装面关注区；硬装匹配模块，用于结合样板间关注区中的硬装设计，按照关注区应用到目标房间对应的区域中，并且微调适配房间内布局好的家具。','?1.一种包含硬装的卫生间自动设计系统，其特征在于：主要包括生成布局模块、划分干湿区模块、生成关注区模块和硬装匹配模块，其中，生成布局模块，用于在目标房间中生成软装家具的布局；划分干湿区模块，用于样板间和目标房间进行干湿区子区域划分；生成关注区模块，用于根据各个家具的位置以及干湿区分区信息，结合样板间中墙、顶、地面上的硬装设计，在样板间和目标房间生成墙面、地面、顶面的硬装面关注区；硬装匹配模块，用于结合样板间关注区中的硬装设计，按照关注区应用到目标房间对应的区域中，并且微调适配房间内布局好的家具。',1,'1','http://cprs.patentstar.com.cn/Search/Detail?ANE=9HGG9GIF9GHG9CHA9DID7GBA7AAA9DHC9FFEEGIA9CEF9FGE');
Insert into PATENT (APP_NUM,NAME,PATENT_TYPE,CLASS_CODE,DESIGNER_ID,PATENTEE_NAME,PROPOSER_NAME,PLACE_CODE,APP_DATE,PUBLIC_NUM,ABSTRACT,MAIN_CLAIM,CLAIM,AGE,IS_VALID,LINK) values ('CN111653878A','虚拟载具的控制方法及装置、存储介质、电子装置',1,'H01Q1/43??','6','中钢集团耐火材料有限公司','胜利油田东方鹏达非金属制品有限公司','310000',to_date('08-1月 -19','DD-MON-RR'),'CN111648686B','本发明公开一种复杂索网体系的建模分析方法，采用子结构模态综合法和模型降阶方法，形成索网系统动力特性和动力响应分析的功能。将索网结构中的各个主索考虑为子结构，总体结构的模型通过各子结构在阻尼器/连接件连接位置的变形连续和受力平衡以及阻尼器/连接件的力学特性进行耦合，建立得到。建立的模型可以用于分析实际索网在外荷载作用的响应，可以用于复特征值分析，得到系统的频率、阻尼和振型；建立的模型为无量纲模型，可以用于研究索网结构的一般特性、设计阻尼器和索间连接件的参数以优化索网系统的振动控制效果。','1.一种复杂索网体系的建模分析方法，其特征在于：采用子结构模态综合法和模型降阶方法，形成索网系统动力特性和动力响应分析的功能。','1.一种复杂索网体系的建模分析方法，其特征在于：采用子结构模态综合法和模型降阶方法，形成索网系统动力特性和动力响应分析的功能。',1,'1','http://cprs.patentstar.com.cn/Search/Detail?ANE=9CHC1ABA9DEA2CAA3CAA9HFD6AAAGHHA9EGC9FHE9CHF9BIH');
Insert into PATENT (APP_NUM,NAME,PATENT_TYPE,CLASS_CODE,DESIGNER_ID,PATENTEE_NAME,PROPOSER_NAME,PLACE_CODE,APP_DATE,PUBLIC_NUM,ABSTRACT,MAIN_CLAIM,CLAIM,AGE,IS_VALID,LINK) values ('CN111653874A','游戏客户端入口控制方法及相关装置',1,'H01Q1/39??','5','中钢集团耐火材料有限公司','胜利油田东方鹏达非金属制品有限公司','310000',to_date('04-1月 -19','DD-MON-RR'),'CN111648682B','本发明公开了一种基于BIM的路面病害分析展示方法及系统，所述方法包括：获取路面纹理的原始高程数据，将路面纹理的原始高程数据根据车道、桩号区间进行划分，并与公路工程BIM对应车道、桩号区间进行关联存储；获取待检测路段的路面纹理的实际高程数据，与对应车道、桩号区间进行关联；将获取的待检测路段的实际高程数据与存储的原始高程数据对比分析，生成对应车道、桩号区间的路面病害的分析结果；当收到路面病害查询请求时，调取对应车道、桩号区间的路面病害的分析结果，结合公路工程BIM进行展示。本发明实现基于公路工程BIM的路面病害的分析展示，为公路工程信息化管理提供便利。','1.一种无损地由BIM模型构建空间语义数据库的方法，其特征在于，包括步骤如下：初始设置，选择关系型数据库；步骤一：数据库表个数与BIM对象的种类对齐，BIM中有多少类对象，就建立多少张表格；新建表：根据BIM数据的组织规范建立表，表名称和BIM中种类名称保持一致；实现将BIM中所有的对象种类的涵盖；步骤二：数据库表结构与BIM对象的属性对齐；定义表结构字段：根据每类BIM对象的属性描述字段，构建数据库表的字段：字段名称、类型均和BIM对象保持一致；将BIM对象的属性设置为表的字段名；步骤三：数据库表关系与BIM对象间关系对齐；定义表之间关系：将BIM对象的唯一ID，设置为每个表的主键，将BIM对象的父节点ID，设置为表的外键，通过主键、外键配合，实现用关系型数据库描述BIM树状结构；步骤四：数据库表记录与BIM对象的记录对齐，将BIM对象进行入库，将所有BIM对象按照分类存入对应的表中，形成表的记录；将BIM对象按照上述数据库结构进行表记录整理；步骤五：执行建库脚本，进行建库得到无损的BIM空间语义数据库；形成将BIM中每类对象、每个属性都入库，每类对象的关系也通过表之间的关系清晰表达，所有BIM对象属性完整保留，所有BIM对象关系完整保留，BIM的几何表达转换为空间表达，得到同BIM组织架构一样的空间语义数据库的结构；该步骤四中的表记录整理为分别执行几何转换操作和语义保留操作；该几何转换操作为将BIM数据的几何信息进行坐标转换，包括几何表达方式的转换和坐标转换得到地理空间的几何信息。','1.一种无损地由BIM模型构建空间语义数据库的方法，其特征在于，包括步骤如下：初始设置，选择关系型数据库；步骤一：数据库表个数与BIM对象的种类对齐，BIM中有多少类对象，就建立多少张表格；新建表：根据BIM数据的组织规范建立表，表名称和BIM中种类名称保持一致；实现将BIM中所有的对象种类的涵盖；步骤二：数据库表结构与BIM对象的属性对齐；定义表结构字段：根据每类BIM对象的属性描述字段，构建数据库表的字段：字段名称、类型均和BIM对象保持一致；将BIM对象的属性设置为表的字段名；步骤三：数据库表关系与BIM对象间关系对齐；定义表之间关系：将BIM对象的唯一ID，设置为每个表的主键，将BIM对象的父节点ID，设置为表的外键，通过主键、外键配合，实现用关系型数据库描述BIM树状结构；步骤四：数据库表记录与BIM对象的记录对齐，将BIM对象进行入库，将所有BIM对象按照分类存入对应的表中，形成表的记录；将BIM对象按照上述数据库结构进行表记录整理；步骤五：执行建库脚本，进行建库得到无损的BIM空间语义数据库；形成将BIM中每类对象、每个属性都入库，每类对象的关系也通过表之间的关系清晰表达，所有BIM对象属性完整保留，所有BIM对象关系完整保留，BIM的几何表达转换为空间表达，得到同BIM组织架构一样的空间语义数据库的结构；该步骤四中的表记录整理为分别执行几何转换操作和语义保留操作；该几何转换操作为将BIM数据的几何信息进行坐标转换，包括几何表达方式的转换和坐标转换得到地理空间的几何信息。',1,'1','http://cprs.patentstar.com.cn/Search/Detail?ANE=9FGE7BGA7AFA5FAA7FBA8BHA9FEH9HCA9DGH9EEG9DDD9AHD');
Insert into PATENT (APP_NUM,NAME,PATENT_TYPE,CLASS_CODE,DESIGNER_ID,PATENTEE_NAME,PROPOSER_NAME,PLACE_CODE,APP_DATE,PUBLIC_NUM,ABSTRACT,MAIN_CLAIM,CLAIM,AGE,IS_VALID,LINK) values ('CN111653875A','两段式拉伸游戏手柄',1,'H01Q1/40??','5','中钢集团耐火材料有限公司','胜利油田东方鹏达非金属制品有限公司','310000',to_date('05-1月 -19','DD-MON-RR'),'CN111648683B','本发明公开了一种模型标记方法、装置、存储介质及电子设备，其中方法包括：获取三维模型，识别所述三维模型的场景信息和待标记部件的部件信息；将所述场景信息和所述部件信息进行二维渲染，生成二维的待标记图像；基于各所述待标记部件在所述待标记图像的分布状态，确定对各所述待标记部件进行标记的标记组件的属性信息；基于所述各所述待标记部件对应的标记组件的属性信息以及所述待标记部件的标记内容，在所述待标记图像中对各所述待标记部件进行标记。基于各待标记部件的分布状态确定对应标记组件的属性信息，保证了各待标记部件标记组件在待标记图像中均匀分布，避免多个标记分布密集导致标记混乱的情况，提高了标记清晰度。','1.一种模型标记方法，其特征在于，包括：获取三维模型，识别所述三维模型的场景信息和待标记部件的部件信息；将所述场景信息和所述部件信息进行二维渲染，生成二维的待标记图像；基于各所述待标记部件在所述待标记图像的分布状态，确定对各所述待标记部件进行标记的标记组件的属性信息；基于所述各所述待标记部件对应的标记组件的属性信息以及所述待标记部件的标记内容，在所述待标记图像中对各所述待标记部件进行标记。','1.一种模型标记方法，其特征在于，包括：获取三维模型，识别所述三维模型的场景信息和待标记部件的部件信息；将所述场景信息和所述部件信息进行二维渲染，生成二维的待标记图像；基于各所述待标记部件在所述待标记图像的分布状态，确定对各所述待标记部件进行标记的标记组件的属性信息；基于所述各所述待标记部件对应的标记组件的属性信息以及所述待标记部件的标记内容，在所述待标记图像中对各所述待标记部件进行标记。',1,'1','http://cprs.patentstar.com.cn/Search/Detail?ANE=4ACA9HGE9DGC1BAA9IFF9GGD9CDD9IBC4BDA9EGC9BHD9HIH');
Insert into PATENT (APP_NUM,NAME,PATENT_TYPE,CLASS_CODE,DESIGNER_ID,PATENTEE_NAME,PROPOSER_NAME,PLACE_CODE,APP_DATE,PUBLIC_NUM,ABSTRACT,MAIN_CLAIM,CLAIM,AGE,IS_VALID,LINK) values ('CN111653871A','排污行为的异常检测系统及方法、电子设备、计算机可读存储介质',1,'H01Q1/36??','5','中钢集团耐火材料有限公司','胜利油田东方鹏达非金属制品有限公司','310000',to_date('01-1月 -19','DD-MON-RR'),'CN111648679B','本申请涉及一种基于深度视频事件补全的视频数据异常识别方法和装置。所述方法包括：获取当前视频帧中前景目标所在区域，从当前视频帧所在的预设长度视频帧序列中，获取各视频帧在前景目标区域的图像数据，根据得到的图像数据序列生成视频事件数据，从视频事件数据中抽除图像数据得到不完整视频事件数据，输入预设的深度视频事件补全模型进行外观补全和运动补全，根据补全结果和被抽除图像数据间的误差识别视频事件数据中的异常。上述方法使用基于深度神经网络的深度视频事件补全模型，结合外观补全和运动补全方式补全不完整视频事件，充分挖掘了视频事件数据中的高层次语义特征，利用了视频中的上下文信息，有效提升了识别异常视频事件的性能。','?1.一种基于深度视频事件补全的视频数据异常识别方法，其特征在于，所述方法包括：获取当前视频帧中前景目标所在的前景目标区域，从包括当前视频帧的预设长度的视频帧序列中，获取每个视频帧在所述前景目标区域的图像数据，根据得到的图像数据序列生成视频事件数据；从所述视频事件数据的所述图像数据序列中抽除预设数量的图像数据，得到对应的不完整视频事件数据，将所述不完整视频事件数据输入预先训练的深度视频事件补全模型，得到对应的外观补全图像数据和运动信息补全数据；所述深度视频事件补全模型包括基于深度神经网络的外观补全网络和运动补全网络；根据被抽除的所述图像数据和所述外观补全图像数据之间的误差，以及根据被抽除的所述图像数据的运动信息数据和所述运动信息补全数据之间的误差，识别所述视频事件数据中的异常。','?1.一种基于深度视频事件补全的视频数据异常识别方法，其特征在于，所述方法包括：获取当前视频帧中前景目标所在的前景目标区域，从包括当前视频帧的预设长度的视频帧序列中，获取每个视频帧在所述前景目标区域的图像数据，根据得到的图像数据序列生成视频事件数据；从所述视频事件数据的所述图像数据序列中抽除预设数量的图像数据，得到对应的不完整视频事件数据，将所述不完整视频事件数据输入预先训练的深度视频事件补全模型，得到对应的外观补全图像数据和运动信息补全数据；所述深度视频事件补全模型包括基于深度神经网络的外观补全网络和运动补全网络；根据被抽除的所述图像数据和所述外观补全图像数据之间的误差，以及根据被抽除的所述图像数据的运动信息数据和所述运动信息补全数据之间的误差，识别所述视频事件数据中的异常。',1,'3','http://cprs.patentstar.com.cn/Search/Detail?ANE=6EAA8CGA9FFD9FFB9IAA2ACA9ACADFGA5DAA9EEH9FGC7BFA');
Insert into PATENT (APP_NUM,NAME,PATENT_TYPE,CLASS_CODE,DESIGNER_ID,PATENTEE_NAME,PROPOSER_NAME,PLACE_CODE,APP_DATE,PUBLIC_NUM,ABSTRACT,MAIN_CLAIM,CLAIM,AGE,IS_VALID,LINK) values ('CN111653872A','一种可拼接的印刷电路板',1,'H01Q1/37??','5','中钢集团耐火材料有限公司','胜利油田东方鹏达非金属制品有限公司','310000',to_date('02-1月 -19','DD-MON-RR'),'CN111648680B','?本发明属于结构工程技术领域的一种波纹钢板墙混合连接节点，技术方案为：波纹钢板墙包括波纹钢板、竖向边缘构件、水平T形鱼尾板；竖向边缘构件分别焊接在波纹钢板的左右两侧；水平T形鱼尾板通过翼缘板分别焊接在波纹钢板的上下两侧；框架梁位于波纹钢板墙的上下两侧；竖向边缘构件与框架梁采用销轴连接，水平T形鱼尾板与框架梁采用螺栓连接。其易于安装和更换，且在地震作用下疲劳性能更好。','1.一种波纹钢板墙混合连接节点，波纹钢板墙包括波纹钢板(1)、竖向边缘构件(2)、水平T形鱼尾板(4)；所述竖向边缘构件(2)分别焊接在所述波纹钢板(1)的左右两侧；所述水平T形鱼尾板(4)通过翼缘板分别焊接在所述波纹钢板(1)的上下两侧；框架梁(3)位于所述波纹钢板墙的上下两侧；其特征在于：所述竖向边缘构件(2)与所述框架梁(3)采用销轴连接，所述水平T形鱼尾板(4)与所述框架梁(3)采用螺栓连接。','1.一种波纹钢板墙混合连接节点，波纹钢板墙包括波纹钢板(1)、竖向边缘构件(2)、水平T形鱼尾板(4)；所述竖向边缘构件(2)分别焊接在所述波纹钢板(1)的左右两侧；所述水平T形鱼尾板(4)通过翼缘板分别焊接在所述波纹钢板(1)的上下两侧；框架梁(3)位于所述波纹钢板墙的上下两侧；其特征在于：所述竖向边缘构件(2)与所述框架梁(3)采用销轴连接，所述水平T形鱼尾板(4)与所述框架梁(3)采用螺栓连接。',1,'1','http://cprs.patentstar.com.cn/Search/Detail?ANE=9BHB9EGB9FGE7DEA6FAA7CFA9AIFBFFA9EIH7CDA9FIGBIFA');
Insert into PATENT (APP_NUM,NAME,PATENT_TYPE,CLASS_CODE,DESIGNER_ID,PATENTEE_NAME,PROPOSER_NAME,PLACE_CODE,APP_DATE,PUBLIC_NUM,ABSTRACT,MAIN_CLAIM,CLAIM,AGE,IS_VALID,LINK) values ('CN111653873A','一种虚拟蹦极运动装置',1,'H01Q1/38??','5','中钢集团耐火材料有限公司','胜利油田东方鹏达非金属制品有限公司','310000',to_date('03-1月 -19','DD-MON-RR'),'CN111648681B','本发明涉及一种分布式液位平衡型竖向阻尼器，包括至少两个第一水箱、至少一个第二水箱、用于连通相邻第一水箱和第二水箱的液位平衡连通管；所述第一水箱顶部设有调压孔，所述第一水箱内设置有至少一个挡板，所述挡板通过固定组件固定在第一水箱上；所述第二水箱顶部设置有密闭空气室；本发明构造形式简单、价格低廉、容易安装、耗能能力好、自动激活性能好、调频能力强，能够根据桥梁结构自身振动模态及阻尼特性进行阻尼器的分布式设计，对桥梁多阶竖弯振动模态，均可提供阻尼，对桥梁结构的竖向振动进行有效控制，提高桥梁的舒适度和安全度。','1.一种分布式液位平衡型竖向阻尼器，其特征在于，包括至少两个第一水箱(10)、至少一个第二水箱(20)、用于连通相邻第一水箱(10)和第二水箱(20)的液位平衡连通管(30)；所述第一水箱(10)顶部设有调压孔(60)，所述第一水箱(10)内设置有至少一个挡板(40)，所述挡板(40)通过固定组件(50)固定在第一水箱(10)上；所述第二水箱(20)顶部设置有密闭空气室(70)。','1.一种分布式液位平衡型竖向阻尼器，其特征在于，包括至少两个第一水箱(10)、至少一个第二水箱(20)、用于连通相邻第一水箱(10)和第二水箱(20)的液位平衡连通管(30)；所述第一水箱(10)顶部设有调压孔(60)，所述第一水箱(10)内设置有至少一个挡板(40)，所述挡板(40)通过固定组件(50)固定在第一水箱(10)上；所述第二水箱(20)顶部设置有密闭空气室(70)。',1,'1','http://cprs.patentstar.com.cn/Search/Detail?ANE=2AAA9HFD9HDD9IFE9FGD5EBA9CHG8DAA9CDE7EDA9DDC9CFE');
Insert into PATENT (APP_NUM,NAME,PATENT_TYPE,CLASS_CODE,DESIGNER_ID,PATENTEE_NAME,PROPOSER_NAME,PLACE_CODE,APP_DATE,PUBLIC_NUM,ABSTRACT,MAIN_CLAIM,CLAIM,AGE,IS_VALID,LINK) values ('CN211467419U','处警辅助方法及装置、电子设备、计算机可读存储介质',1,'G06F30/31','4','中铁一局集团有限公司','吉林省帅气塑料研究有限公司','310000',to_date('24-12月-19','DD-MON-RR'),'CN207819371U','本申请实施例提供一种云网融合环境下基于智能信息推荐的消息推送方法及装置，首先获取用户终端的当前匹配空间道路，然后根据当前匹配空间道路从服务器中查询匹配的目标信息推荐区域，基于目标信息推荐区域计算并提取用户终端的推送特征参数，并根据推送特征参数确定用户终端的推送消息序列，从而根据用户终端的推送消息序列对用户终端进行特定消息推送。通过以上设计，可以为用户的安全出行提供公共安全事件信息的主动推送提示，防止公共安全事件扩散或爆发。','1.一种云网融合环境下基于智能信息推荐的消息推送方法，其特征在于，应用于与用户终端通信连接的服务器，所述方法包括：获取所述用户终端的当前匹配空间道路；根据所述当前匹配空间道路从服务器中查询匹配的目标信息推荐区域，基于所述目标信息推荐区域计算并提取所述用户终端的推送特征参数，并根据所述推送特征参数确定所述用户终端的推送消息序列；根据所述用户终端的推送消息序列对所述用户终端进行特定消息推送；所述计算并提取的所述用户终端的推送特征参数，并根据所述推送特征参数确定所述用户终端的推送消息序列的步骤，包括：计算所述当前匹配空间道路在所述目标信息推荐区域中的推送预测距离；获取所述当前匹配空间道路所在道路网络对于携带所述用户终端的出行人的熟悉度以及出行人的当前行走速度；根据所述熟悉度和所述当前行走速度计算所述出行人的理论行走速度，并根据所述理论行走速度和所述推送预测距离计算所述出行人在所述目标信息推荐区域中的总推送时长；从预先配置的特定消息数据库中获取与所述总推送时长匹配的多个待推送特定消息，并分别确定每个待推送特定消息的推送时长、推送状态、推送优先级以及推送强度，作为所述用户终端对应的每个待推送特定消息的推送特征参数；将每个待推送特定消息以及每个待推送特定消息的推送特征参数进行关联映射并排列，得到所述用户终端的推送消息序列。','1.一种云网融合环境下基于智能信息推荐的消息推送方法，其特征在于，应用于与用户终端通信连接的服务器，所述方法包括：获取所述用户终端的当前匹配空间道路；根据所述当前匹配空间道路从服务器中查询匹配的目标信息推荐区域，基于所述目标信息推荐区域计算并提取所述用户终端的推送特征参数，并根据所述推送特征参数确定所述用户终端的推送消息序列；根据所述用户终端的推送消息序列对所述用户终端进行特定消息推送；所述计算并提取的所述用户终端的推送特征参数，并根据所述推送特征参数确定所述用户终端的推送消息序列的步骤，包括：计算所述当前匹配空间道路在所述目标信息推荐区域中的推送预测距离；获取所述当前匹配空间道路所在道路网络对于携带所述用户终端的出行人的熟悉度以及出行人的当前行走速度；根据所述熟悉度和所述当前行走速度计算所述出行人的理论行走速度，并根据所述理论行走速度和所述推送预测距离计算所述出行人在所述目标信息推荐区域中的总推送时长；从预先配置的特定消息数据库中获取与所述总推送时长匹配的多个待推送特定消息，并分别确定每个待推送特定消息的推送时长、推送状态、推送优先级以及推送强度，作为所述用户终端对应的每个待推送特定消息的推送特征参数；将每个待推送特定消息以及每个待推送特定消息的推送特征参数进行关联映射并排列，得到所述用户终端的推送消息序列。',1,'1','http://cprs.patentstar.com.cn/Search/Detail?ANE=9HBB1ABA7BEA9DIC9HFE9ICBCEIABFFA9EHH9EEG6BBA9FDE');
Insert into PATENT (APP_NUM,NAME,PATENT_TYPE,CLASS_CODE,DESIGNER_ID,PATENTEE_NAME,PROPOSER_NAME,PLACE_CODE,APP_DATE,PUBLIC_NUM,ABSTRACT,MAIN_CLAIM,CLAIM,AGE,IS_VALID,LINK) values ('CN211467416U','基于梯度方向约束的边缘跟踪直线段快速检测装置及方法',1,'G06F30/28','4','中铁一局集团有限公司','吉林省帅气塑料研究有限公司','310000',to_date('21-12月-19','DD-MON-RR'),'CN207819368U','本发明涉及一种左室假腱索植入系统，所述的左室假腱索植入系统包括固定片、动脉导管未闭封堵器、人工腱索、细钢丝；所述的人工腱索前后两端分别与固定片和动脉导管未闭封堵器连接；所述的细钢丝固定设于人工腱索末端表面位置；所述的固定片为软塑料固定片，表面设有多个固定孔；所述的动脉导管未闭封堵器直径为4/6mm；所述的细钢丝有多个，且长均为2mm。其优点表现在：本发明采用微创结合介入的方式，释放固定片和动脉导管未闭封堵器分别固定于瓣膜和心肌外侧，从而可用于人工腱索的固定，起到瓣膜与乳头肌之间的连接，使得二尖瓣可正常恢复至关闭状态，从而有效解决二尖瓣反流的问题，且创伤小、术后恢复快。','1.一种左室假腱索植入系统，其特征在于，所述的左室假腱索植入系统包括固定片、动脉导管未闭封堵器、人工腱索、细钢丝；所述的人工腱索前后两端分别与固定片和动脉导管未闭封堵器连接；所述的细钢丝固定设于人工腱索末端表面位置。','1.一种左室假腱索植入系统，其特征在于，所述的左室假腱索植入系统包括固定片、动脉导管未闭封堵器、人工腱索、细钢丝；所述的人工腱索前后两端分别与固定片和动脉导管未闭封堵器连接；所述的细钢丝固定设于人工腱索末端表面位置。',1,'1','http://cprs.patentstar.com.cn/Search/Detail?ANE=9GGF0AAA9IEF9HHF9GDB9HCA9BEC8HAAAIGA7FCA9IBDBHGA');
Insert into PATENT (APP_NUM,NAME,PATENT_TYPE,CLASS_CODE,DESIGNER_ID,PATENTEE_NAME,PROPOSER_NAME,PLACE_CODE,APP_DATE,PUBLIC_NUM,ABSTRACT,MAIN_CLAIM,CLAIM,AGE,IS_VALID,LINK) values ('CN211467417U','数据传输方法、系统、电子设备及存储介质',1,'G06F30/29','4','中铁一局集团有限公司','吉林省帅气塑料研究有限公司','310000',to_date('22-12月-19','DD-MON-RR'),'CN207819369U','本发明涉及一种移动式灯具，包括：光源结构，所述光源结构活动覆盖于位于目标部件所在的目标区域；且所述目标部件穿过所述光源结构可视化呈现；第一导轨，所述第一导轨设于所述光源结构的一侧；驱动结构，所述驱动结构滑动连接于所述第一导轨；所述驱动结构带动所述光源结构沿所述第一导轨移动，以调整所述光源结构在所述目标区域所在平面的投影与所述目标区域的相对位置。上述移动式灯具操作简便，响应速度快，运行稳定性高。','?1.一种移动式灯具，其特征在于，包括：光源结构，所述光源结构活动覆盖于位于目标部件所在的目标区域；且所述目标部件穿过所述光源结构可视化呈现；第一导轨，所述第一导轨设于所述光源结构的一侧；驱动结构，所述驱动结构滑动连接于所述第一导轨；所述驱动结构带动所述光源结构沿所述第一导轨移动，以调整所述光源结构在所述目标区域所在平面的投影与所述目标区域的相对位置。','?1.一种移动式灯具，其特征在于，包括：光源结构，所述光源结构活动覆盖于位于目标部件所在的目标区域；且所述目标部件穿过所述光源结构可视化呈现；第一导轨，所述第一导轨设于所述光源结构的一侧；驱动结构，所述驱动结构滑动连接于所述第一导轨；所述驱动结构带动所述光源结构沿所述第一导轨移动，以调整所述光源结构在所述目标区域所在平面的投影与所述目标区域的相对位置。',1,'1','http://cprs.patentstar.com.cn/Search/Detail?ANE=9GGF5FAA9DGC6CEA9ICC9BIA9IDHHIHA8BBA8AGA9FGF7FBA');
Insert into PATENT (APP_NUM,NAME,PATENT_TYPE,CLASS_CODE,DESIGNER_ID,PATENTEE_NAME,PROPOSER_NAME,PLACE_CODE,APP_DATE,PUBLIC_NUM,ABSTRACT,MAIN_CLAIM,CLAIM,AGE,IS_VALID,LINK) values ('CN211467418U','语音处理方法、装置、计算机存储介质和电子设备',1,'G06F30/30','4','中铁一局集团有限公司','吉林省帅气塑料研究有限公司','310000',to_date('23-12月-19','DD-MON-RR'),'CN207819370U','本发明公开了一种隧道BIM快速建模方法，包括以下步骤：一、绘制隧道平面图和隧道纵断面图；二、获取设计隧道中心线；三、设计隧道中心线上标记标签；四、获取校正隧道中心线上各个标签的坐标；五、创建盾构管片块；六、盾构管片的拼接,完成隧道建模。本发明方法步骤简单，设计新颖合理，将设计隧道中心线上各个标签的坐标进行校正，从而有效地适应弯道上超高和超距的存在，并在隧道中心线曲线段进行盾构管片环拼接时进行管片块的校正，有效地适应隧道的真实情况，提高了隧道模型精度，且效率高。','?1.一种基于深度视频事件补全的视频数据异常识别方法，其特征在于，所述方法包括：获取当前视频帧中前景目标所在的前景目标区域，从包括当前视频帧的预设长度的视频帧序列中，获取每个视频帧在所述前景目标区域的图像数据，根据得到的图像数据序列生成视频事件数据；从所述视频事件数据的所述图像数据序列中抽除预设数量的图像数据，得到对应的不完整视频事件数据，将所述不完整视频事件数据输入预先训练的深度视频事件补全模型，得到对应的外观补全图像数据和运动信息补全数据；所述深度视频事件补全模型包括基于深度神经网络的外观补全网络和运动补全网络；根据被抽除的所述图像数据和所述外观补全图像数据之间的误差，以及根据被抽除的所述图像数据的运动信息数据和所述运动信息补全数据之间的误差，识别所述视频事件数据中的异常。','?1.一种基于深度视频事件补全的视频数据异常识别方法，其特征在于，所述方法包括：获取当前视频帧中前景目标所在的前景目标区域，从包括当前视频帧的预设长度的视频帧序列中，获取每个视频帧在所述前景目标区域的图像数据，根据得到的图像数据序列生成视频事件数据；从所述视频事件数据的所述图像数据序列中抽除预设数量的图像数据，得到对应的不完整视频事件数据，将所述不完整视频事件数据输入预先训练的深度视频事件补全模型，得到对应的外观补全图像数据和运动信息补全数据；所述深度视频事件补全模型包括基于深度神经网络的外观补全网络和运动补全网络；根据被抽除的所述图像数据和所述外观补全图像数据之间的误差，以及根据被抽除的所述图像数据的运动信息数据和所述运动信息补全数据之间的误差，识别所述视频事件数据中的异常。',1,'1','http://cprs.patentstar.com.cn/Search/Detail?ANE=8FBA4CCA9CIC9FCH3BBA9EFB9HAA9GAB5ABA9FAE9DGF9BFC');
Insert into PATENT (APP_NUM,NAME,PATENT_TYPE,CLASS_CODE,DESIGNER_ID,PATENTEE_NAME,PROPOSER_NAME,PLACE_CODE,APP_DATE,PUBLIC_NUM,ABSTRACT,MAIN_CLAIM,CLAIM,AGE,IS_VALID,LINK) values ('CN211467414U','用于消息分发的方法、电子设备和计算机存储介质',1,'G06F30/26','3','中铁一局集团有限公司','苏州英俊科技有限公司','310000',to_date('19-12月-19','DD-MON-RR'),'CN207819366U','?本发明提供了一种荧光标记的人三阴性乳腺癌骨转移细胞株，通过下述方法制备而成：一个培养人源三阴性乳腺癌细胞MDA?MB?231的步骤；扩增含有红色荧光蛋白RFP的慢病毒载体，制备含有红色荧光标记的MDA?MB?231细胞；将RFP?MDA?MB?231细胞移植到裸鼠第四对乳腺脂肪垫位置，生长成瘤；4?6周后取后肢胫骨，用缓冲溶液冲取骨髓，再采用胶原酶消化，获得骨髓来源单细胞，体外培养扩增，流式细胞技术分选红色荧光细胞；通过裸鼠体内成瘤筛选，得到红色荧光标记的MDA?MB?231人三阴性乳腺癌骨转移细胞株。本发明具有骨转移特征，并且有荧光蛋白标记，实现了细胞在体内和体外的可视化、可示踪。','?1.一种荧光标记的人三阴性乳腺癌骨转移细胞株，其特征在于通过下述的方法制备而成：1）一个培养人源三阴性乳腺癌细胞MDA-MB-231的步骤；2）扩增含有红色荧光蛋白RFP的慢病毒载体，利用慢病毒转染细胞的方法，转染MDA-MB-231细胞，制备含有红色荧光标记的MDA-MB-231细胞；3）通过流式细胞仪分选，获得红色荧光RFP-MDA-MB-231细胞；4）将RFP-MDA-MB-231细胞移植到裸鼠第四对乳腺脂肪垫位置，然后进行哺育4-6周成瘤；5）肿瘤直径达到0.8-1.2cm时，处死裸鼠，解剖，取后肢胫骨，无菌环境下，用PH7.4的1xPBS缓冲溶液冲取骨髓，再采用胶原酶消化，获得骨髓来源单细胞，体外培养扩增；6）利用流式细胞分析仪，检测并分选从乳腺肿瘤转移到骨的红色荧光乳腺癌细胞，体外培养扩增，作为P1代乳腺癌骨转移细胞；7）扩增P1代乳腺癌骨转移细胞，移植裸鼠，重复上述第4-第6步，获得P2代乳腺癌骨转移细胞；8）扩增P2代乳腺癌骨转移细胞，移植裸鼠，重复上述第4-第6步，获得P3代乳腺癌骨转移细胞；9）通过上述三轮的裸鼠体内成瘤筛选，得到红色荧光标记的MDA-MB-231人三阴性乳腺癌骨转移细胞株。','?1.一种荧光标记的人三阴性乳腺癌骨转移细胞株，其特征在于通过下述的方法制备而成：1）一个培养人源三阴性乳腺癌细胞MDA-MB-231的步骤；2）扩增含有红色荧光蛋白RFP的慢病毒载体，利用慢病毒转染细胞的方法，转染MDA-MB-231细胞，制备含有红色荧光标记的MDA-MB-231细胞；3）通过流式细胞仪分选，获得红色荧光RFP-MDA-MB-231细胞；4）将RFP-MDA-MB-231细胞移植到裸鼠第四对乳腺脂肪垫位置，然后进行哺育4-6周成瘤；5）肿瘤直径达到0.8-1.2cm时，处死裸鼠，解剖，取后肢胫骨，无菌环境下，用PH7.4的1xPBS缓冲溶液冲取骨髓，再采用胶原酶消化，获得骨髓来源单细胞，体外培养扩增；6）利用流式细胞分析仪，检测并分选从乳腺肿瘤转移到骨的红色荧光乳腺癌细胞，体外培养扩增，作为P1代乳腺癌骨转移细胞；7）扩增P1代乳腺癌骨转移细胞，移植裸鼠，重复上述第4-第6步，获得P2代乳腺癌骨转移细胞；8）扩增P2代乳腺癌骨转移细胞，移植裸鼠，重复上述第4-第6步，获得P3代乳腺癌骨转移细胞；9）通过上述三轮的裸鼠体内成瘤筛选，得到红色荧光标记的MDA-MB-231人三阴性乳腺癌骨转移细胞株。',1,'3','http://cprs.patentstar.com.cn/Search/Detail?ANE=9BHB1BAAAHIA9FIE9AIA7GBA9CED9AHDBHIA6CDA9GDH9CDB');
Insert into PATENT (APP_NUM,NAME,PATENT_TYPE,CLASS_CODE,DESIGNER_ID,PATENTEE_NAME,PROPOSER_NAME,PLACE_CODE,APP_DATE,PUBLIC_NUM,ABSTRACT,MAIN_CLAIM,CLAIM,AGE,IS_VALID,LINK) values ('CN211467415U','信息生成方法、装置、电子设备和计算机可读介质',1,'G06F30/27','3','中铁一局集团有限公司','吉林省帅气塑料研究有限公司','310000',to_date('20-12月-19','DD-MON-RR'),'CN207819367U','?一种带自封袋的试剂瓶，涉及医用器材技术领域，该试剂瓶包括瓶体，及用于封盖瓶体上端瓶口的瓶盖，其特征在于：所述瓶体的外壁固定有储袋仓，储袋仓内存放有自封袋，储袋仓上开设有用于抽出自封袋的仓口，所述自封袋的袋口边缘部位从储袋仓的仓口伸出；所述瓶盖上设有可转动的转杆，转杆上设有一个软质连接带，软质连接带的一端与转杆固接，软质连接带的另一端与自封袋的袋口边缘部固接。本发明提供的试剂瓶，特别适用于咽拭子采样。','?1.一种带自封袋的试剂瓶，包括瓶体，及用于封盖瓶体上端瓶口的瓶盖，其特征在于：所述瓶体的外壁固定有储袋仓，储袋仓内存放有自封袋，储袋仓上开设有用于抽出自封袋的仓口，所述自封袋的袋口边缘部位从储袋仓的仓口伸出；所述瓶盖上设有可转动的转杆，转杆上设有一个软质连接带，软质连接带的一端与转杆固接，软质连接带的另一端与自封袋的袋口边缘部固接。','?1.一种带自封袋的试剂瓶，包括瓶体，及用于封盖瓶体上端瓶口的瓶盖，其特征在于：所述瓶体的外壁固定有储袋仓，储袋仓内存放有自封袋，储袋仓上开设有用于抽出自封袋的仓口，所述自封袋的袋口边缘部位从储袋仓的仓口伸出；所述瓶盖上设有可转动的转杆，转杆上设有一个软质连接带，软质连接带的一端与转杆固接，软质连接带的另一端与自封袋的袋口边缘部固接。',1,'1','http://cprs.patentstar.com.cn/Search/Detail?ANE=8ECA7DEA9EHE6AGA9FGD2ACA9BEC9EGC9FEGAGDA9BGA9EAE');
Insert into PATENT (APP_NUM,NAME,PATENT_TYPE,CLASS_CODE,DESIGNER_ID,PATENTEE_NAME,PROPOSER_NAME,PLACE_CODE,APP_DATE,PUBLIC_NUM,ABSTRACT,MAIN_CLAIM,CLAIM,AGE,IS_VALID,LINK) values ('CN211467412U','广角镜头及成像设备',1,'G06F30/24','3','中铁一局集团有限公司','苏州英俊科技有限公司','310000',to_date('17-12月-19','DD-MON-RR'),'CN207819364U','?本发明涉及一种分布式液位平衡型竖向阻尼器，包括至少两个第一水箱、至少一个第二水箱、用于连通相邻第一水箱和第二水箱的液位平衡连通管；所述第一水箱顶部设有调压孔，所述第一水箱内设置有至少一个挡板，所述挡板通过固定组件固定在第一水箱上；所述第二水箱顶部设置有密闭空气室；本发明构造形式简单、价格低廉、容易安装、耗能能力好、自动激活性能好、调频能力强，能够根据桥梁结构自身振动模态及阻尼特性进行阻尼器的分布式设计，对桥梁多阶竖弯振动模态，均可提供阻尼，对桥梁结构的竖向振动进行有效控制，提高桥梁的舒适度和安全度。','1.一种分布式液位平衡型竖向阻尼器，其特征在于，包括至少两个第一水箱(10)、至少一个第二水箱(20)、用于连通相邻第一水箱(10)和第二水箱(20)的液位平衡连通管(30)；所述第一水箱(10)顶部设有调压孔(60)，所述第一水箱(10)内设置有至少一个挡板(40)，所述挡板(40)通过固定组件(50)固定在第一水箱(10)上；所述第二水箱(20)顶部设置有密闭空气室(70)。','1.一种分布式液位平衡型竖向阻尼器，其特征在于，包括至少两个第一水箱(10)、至少一个第二水箱(20)、用于连通相邻第一水箱(10)和第二水箱(20)的液位平衡连通管(30)；所述第一水箱(10)顶部设有调压孔(60)，所述第一水箱(10)内设置有至少一个挡板(40)，所述挡板(40)通过固定组件(50)固定在第一水箱(10)上；所述第二水箱(20)顶部设置有密闭空气室(70)。',1,'1','http://cprs.patentstar.com.cn/Search/Detail?ANE=9AHA3ADA9EGD7DEA9HFE7FCAAHEA9GACDIEA7HAA8BCA7ABA');
Insert into PATENT (APP_NUM,NAME,PATENT_TYPE,CLASS_CODE,DESIGNER_ID,PATENTEE_NAME,PROPOSER_NAME,PLACE_CODE,APP_DATE,PUBLIC_NUM,ABSTRACT,MAIN_CLAIM,CLAIM,AGE,IS_VALID,LINK) values ('CN211467413U','可对外供电的高速数据卸载设备及其使用方法',0,'G06F30/25','3','中铁一局集团有限公司','苏州英俊科技有限公司','310000',to_date('18-12月-19','DD-MON-RR'),'CN207819365U','本发明公开了一种测试混凝土开裂情况下焊钉抗剪性能的试验方法，试验时把试件放置到试验框架中；试件包括工字型混凝土试件和钢结构，钢结构与工字型混凝土试件之间通过焊钉连接，腹板块体上设置有横向刻槽；在上翼缘块体和下翼缘块体之间放置千斤顶，然后同步对称施加压力，继续施加千斤顶使得腹板块体沿着刻槽的位置发生开裂，得到开展状态的混凝土；试验框架内设置有上平台和下平台，竖向加载油缸通过上平台对钢结构施加压力，直到焊钉被剪断为止，得到焊钉的抗剪承载力；本发明的试验方法测出的抗剪力学性能可以更加真实地反映出位于混凝土开裂区的焊钉连接件的受力特性，更加符合实际工程情况。','1.一种测试混凝土开裂情况下焊钉抗剪性能的试验方法，其特征在于，包括以下步骤：(1)把试件放置到试验框架中；试件包括工字型混凝土试件和钢结构，所述工字型混凝土试件包括上翼缘块体、下翼缘块体和腹板块体，所述工字型混凝土试件的腹板块体的前后侧设置有所述钢结构，所述钢结构与所述工字型混凝土试件之间通过焊钉连接，所述腹板块体上设置有横向刻槽；(2)在工字型混凝土试件的上翼缘块体和下翼缘块体之间放置千斤顶，然后同步对称施加压力，使得每一个千斤顶的上、下端分别与上翼缘块体的下表面和下翼缘块体的上表面接触顶紧，千斤顶继续施加压力使得腹板块体沿着刻槽的位置发生开裂，得到开展状态的混凝土，根据裂缝宽度需要的大小调整好千斤顶的力，并进行锁定保持该力不变；(3)所述试验框架内设置有上平台和下平台，所述上平台设置于所述工字型混凝土试件的顶部，所述下平台设置于所述工字型混凝土试件的底部，所述上平台与所述上翼缘块体之间留有竖向空间，所述上平台与所述试验框架的上横梁之间设置有竖向加载油缸，两个所述钢结构底部悬空，两个所述钢结构的顶端凸出于所述上翼缘块体的顶端面，竖向加载油缸通过上平台对钢结构施加压力，直到焊钉被剪断为止，得到焊钉的抗剪承载力。','1.一种测试混凝土开裂情况下焊钉抗剪性能的试验方法，其特征在于，包括以下步骤：(1)把试件放置到试验框架中；试件包括工字型混凝土试件和钢结构，所述工字型混凝土试件包括上翼缘块体、下翼缘块体和腹板块体，所述工字型混凝土试件的腹板块体的前后侧设置有所述钢结构，所述钢结构与所述工字型混凝土试件之间通过焊钉连接，所述腹板块体上设置有横向刻槽；(2)在工字型混凝土试件的上翼缘块体和下翼缘块体之间放置千斤顶，然后同步对称施加压力，使得每一个千斤顶的上、下端分别与上翼缘块体的下表面和下翼缘块体的上表面接触顶紧，千斤顶继续施加压力使得腹板块体沿着刻槽的位置发生开裂，得到开展状态的混凝土，根据裂缝宽度需要的大小调整好千斤顶的力，并进行锁定保持该力不变；(3)所述试验框架内设置有上平台和下平台，所述上平台设置于所述工字型混凝土试件的顶部，所述下平台设置于所述工字型混凝土试件的底部，所述上平台与所述上翼缘块体之间留有竖向空间，所述上平台与所述试验框架的上横梁之间设置有竖向加载油缸，两个所述钢结构底部悬空，两个所述钢结构的顶端凸出于所述上翼缘块体的顶端面，竖向加载油缸通过上平台对钢结构施加压力，直到焊钉被剪断为止，得到焊钉的抗剪承载力。',1,'1','http://cprs.patentstar.com.cn/Search/Detail?ANE=6BDA9FGC9GDC9FHD9HIH9FIE7ABA9IDHAHGA9EFD9IBA9GEE');
Insert into PATENT (APP_NUM,NAME,PATENT_TYPE,CLASS_CODE,DESIGNER_ID,PATENTEE_NAME,PROPOSER_NAME,PLACE_CODE,APP_DATE,PUBLIC_NUM,ABSTRACT,MAIN_CLAIM,CLAIM,AGE,IS_VALID,LINK) values ('CN211467411U','一种多层门型电缆桥架及应用方法',1,'G06F30/23','3','中铁一局集团有限公司','苏州英俊科技有限公司','310000',to_date('16-12月-19','DD-MON-RR'),'CN207819363U','本发明公开了一种肢体局部给药和透析设备，包括动脉室腔和静脉室腔；所述动脉室腔和静脉室腔为通过连接组件连接的盒体，所述连接组件设置于动脉室腔和静脉室腔之间，所述动脉室腔包括盒体一和盒盖一，所述盒体一前端一侧壁上开设有两个线性阵列的开口槽，所述开口槽底部开设有第一安置槽，所述第一安置槽前端侧壁上开设有滑动槽，所述滑动槽贯穿第一安置槽；本发明通过两个L形块的相关结构；能够使得两个L形块在需要的时候能够卡入开口槽隔壁的盒盖一和盒盖二内，实现两个室腔之间的连接支撑，同时借助两个与卡接块对应的卡接槽，能够将两个室腔固定组合，能够根据需要实现自由拆卸。','?1.一种肢体局部给药和透析设备，其特征在于，包括动脉室腔(1)和静脉室腔(2)；所述动脉室腔(1)和静脉室腔(2)为通过连接组件连接的盒体，其中，所述连接组件设置于动脉室腔(1)和静脉室腔(2)之间，所述动脉室腔(1)包括盒体一(3)和盒盖一(4)，所述盒体一(3)前端一侧壁上开设有两个线性阵列的开口槽(301)，所述开口槽(301)底部开设有第一安置槽(302)，所述第一安置槽(302)前端侧壁上开设有滑动槽(303)，所述滑动槽(303)贯穿第一安置槽(302)；所述第一安置槽(302)内滑动设置有封口块(5)，封口块(5)上固定连接有滑动把手(501)，滑动把手(501)与滑动槽(303)相互配合；所述盒体一(3)前端另一侧壁上还开设有楔入口(304)；所述盒盖一(4)一侧壁上开设有两个楔口槽(8)，所述盒盖一(4)另一侧固定连接有卡块(9)，卡块(9)上开设有螺栓孔(901)，所述卡块(9)与楔入口(304)相互配合，卡块(9)通过螺栓和螺栓孔(901)固定在楔入口(304)上；所述静脉室腔(2)包括盒体二(6)和盒盖二(7)；其中盒体二(6)与盒体一(3)相邻紧贴设置，且盒体二(6)与盒体一(3)的前端呈镜像设置；前端为盒盖一(4)和盒盖二(7)所在端，且盒盖一(4)和盒盖二(7)上的结构呈镜像设置；盒体一(3)和盒体二(6)通过镜像设置的开口槽(301)内安放的连接组件连接，连接组件包括镜像设置的两个L形块(10)，L形块(10)前端侧壁设置有贯穿本体的第一通孔(1001)，第一通孔(1001)内设置活动槽(1002)，活动槽(1002)与第一通孔(1001)同轴设置，且活动槽(1002)内径大于第一通孔(1001)内径；所述活动槽(1002)内滑动设置有限位圆块(11)，限位圆块(11)通过连接柱(1101)固定连接有限位圆块二(1102)；限位圆块(11)和限位圆块二(1102)分别位于两端L形块(10)的活动槽(1002)内，且连接柱(1101)与第一通孔(1101)相互配合；连接柱(1101)上还套接有复位弹簧，复位弹簧固定连接在两个L形块(10)之间；所述L形块(10)一侧还开设有滑动倒角(12)；楔口槽(8)与L形块(10)相互配合。','?1.一种肢体局部给药和透析设备，其特征在于，包括动脉室腔(1)和静脉室腔(2)；所述动脉室腔(1)和静脉室腔(2)为通过连接组件连接的盒体，其中，所述连接组件设置于动脉室腔(1)和静脉室腔(2)之间，所述动脉室腔(1)包括盒体一(3)和盒盖一(4)，所述盒体一(3)前端一侧壁上开设有两个线性阵列的开口槽(301)，所述开口槽(301)底部开设有第一安置槽(302)，所述第一安置槽(302)前端侧壁上开设有滑动槽(303)，所述滑动槽(303)贯穿第一安置槽(302)；所述第一安置槽(302)内滑动设置有封口块(5)，封口块(5)上固定连接有滑动把手(501)，滑动把手(501)与滑动槽(303)相互配合；所述盒体一(3)前端另一侧壁上还开设有楔入口(304)；所述盒盖一(4)一侧壁上开设有两个楔口槽(8)，所述盒盖一(4)另一侧固定连接有卡块(9)，卡块(9)上开设有螺栓孔(901)，所述卡块(9)与楔入口(304)相互配合，卡块(9)通过螺栓和螺栓孔(901)固定在楔入口(304)上；所述静脉室腔(2)包括盒体二(6)和盒盖二(7)；其中盒体二(6)与盒体一(3)相邻紧贴设置，且盒体二(6)与盒体一(3)的前端呈镜像设置；前端为盒盖一(4)和盒盖二(7)所在端，且盒盖一(4)和盒盖二(7)上的结构呈镜像设置；盒体一(3)和盒体二(6)通过镜像设置的开口槽(301)内安放的连接组件连接，连接组件包括镜像设置的两个L形块(10)，L形块(10)前端侧壁设置有贯穿本体的第一通孔(1001)，第一通孔(1001)内设置活动槽(1002)，活动槽(1002)与第一通孔(1001)同轴设置，且活动槽(1002)内径大于第一通孔(1001)内径；所述活动槽(1002)内滑动设置有限位圆块(11)，限位圆块(11)通过连接柱(1101)固定连接有限位圆块二(1102)；限位圆块(11)和限位圆块二(1102)分别位于两端L形块(10)的活动槽(1002)内，且连接柱(1101)与第一通孔(1101)相互配合；连接柱(1101)上还套接有复位弹簧，复位弹簧固定连接在两个L形块(10)之间；所述L形块(10)一侧还开设有滑动倒角(12)；楔口槽(8)与L形块(10)相互配合。',1,'1','http://cprs.patentstar.com.cn/Search/Detail?ANE=9FHF4EAA9DHD3BCA9EHD9HHF9ICH9IAG7AFA5ABA8CAA8AIA');
Insert into PATENT (APP_NUM,NAME,PATENT_TYPE,CLASS_CODE,DESIGNER_ID,PATENTEE_NAME,PROPOSER_NAME,PLACE_CODE,APP_DATE,PUBLIC_NUM,ABSTRACT,MAIN_CLAIM,CLAIM,AGE,IS_VALID,LINK) values ('CN211467409U','轨道交通装配式预埋支架',1,'G06F30/21','2','中铁一局集团有限公司','胜利油田东方鹏达非金属制品有限公司','310000',to_date('14-12月-19','DD-MON-RR'),'CN207819361U','本发明公开了一种包含硬装的卫生间自动设计系统及方法，主要包括生成布局、划分干湿区、生成关注区、硬装匹配。本发明针对卫生间的自动设计场景，综合考虑了墙面、顶面、地面的硬装设计，拥有了处理硬装素材的能力，可以处理的设计素材不仅有软装家具，还有各种硬装素材，解决了市面上其他自动设计系统硬装自动设计能力缺失的问题；将样板间中的硬装素材应用到目标房间中，不是简单的复制和素材替换，而是理解了样板间中每个面上的硬装设计，以关注区的形式来描述一个面上的硬装设计，使得整个系统有了“设计”能力，更加智能，输出的效果更接近设计师真实的设计方案；将卫生间划分干湿区域，有了功能区的概念，保证了系统输出设计方案的合理性。','?1.一种包含硬装的卫生间自动设计系统，其特征在于：主要包括生成布局模块、划分干湿区模块、生成关注区模块和硬装匹配模块，其中，生成布局模块，用于在目标房间中生成软装家具的布局；划分干湿区模块，用于样板间和目标房间进行干湿区子区域划分；生成关注区模块，用于根据各个家具的位置以及干湿区分区信息，结合样板间中墙、顶、地面上的硬装设计，在样板间和目标房间生成墙面、地面、顶面的硬装面关注区；硬装匹配模块，用于结合样板间关注区中的硬装设计，按照关注区应用到目标房间对应的区域中，并且微调适配房间内布局好的家具。','?1.一种包含硬装的卫生间自动设计系统，其特征在于：主要包括生成布局模块、划分干湿区模块、生成关注区模块和硬装匹配模块，其中，生成布局模块，用于在目标房间中生成软装家具的布局；划分干湿区模块，用于样板间和目标房间进行干湿区子区域划分；生成关注区模块，用于根据各个家具的位置以及干湿区分区信息，结合样板间中墙、顶、地面上的硬装设计，在样板间和目标房间生成墙面、地面、顶面的硬装面关注区；硬装匹配模块，用于结合样板间关注区中的硬装设计，按照关注区应用到目标房间对应的区域中，并且微调适配房间内布局好的家具。',1,'1','http://cprs.patentstar.com.cn/Search/Detail?ANE=9HGG9GIF9GHG9CHA9DID7GBA7AAA9DHC9FFEEGIA9CEF9FGE');
Insert into PATENT (APP_NUM,NAME,PATENT_TYPE,CLASS_CODE,DESIGNER_ID,PATENTEE_NAME,PROPOSER_NAME,PLACE_CODE,APP_DATE,PUBLIC_NUM,ABSTRACT,MAIN_CLAIM,CLAIM,AGE,IS_VALID,LINK) values ('CN211467410U','一次性心电导电保护装置',1,'G06F30/22','3','中铁一局集团有限公司','苏州英俊科技有限公司','310000',to_date('15-12月-19','DD-MON-RR'),'CN207819362U','本发明公开一种复杂索网体系的建模分析方法，采用子结构模态综合法和模型降阶方法，形成索网系统动力特性和动力响应分析的功能。将索网结构中的各个主索考虑为子结构，总体结构的模型通过各子结构在阻尼器/连接件连接位置的变形连续和受力平衡以及阻尼器/连接件的力学特性进行耦合，建立得到。建立的模型可以用于分析实际索网在外荷载作用的响应，可以用于复特征值分析，得到系统的频率、阻尼和振型；建立的模型为无量纲模型，可以用于研究索网结构的一般特性、设计阻尼器和索间连接件的参数以优化索网系统的振动控制效果。','1.一种复杂索网体系的建模分析方法，其特征在于：采用子结构模态综合法和模型降阶方法，形成索网系统动力特性和动力响应分析的功能。','1.一种复杂索网体系的建模分析方法，其特征在于：采用子结构模态综合法和模型降阶方法，形成索网系统动力特性和动力响应分析的功能。',1,'1','http://cprs.patentstar.com.cn/Search/Detail?ANE=9CHC1ABA9DEA2CAA3CAA9HFD6AAAGHHA9EGC9FHE9CHF9BIH');
Insert into PATENT (APP_NUM,NAME,PATENT_TYPE,CLASS_CODE,DESIGNER_ID,PATENTEE_NAME,PROPOSER_NAME,PLACE_CODE,APP_DATE,PUBLIC_NUM,ABSTRACT,MAIN_CLAIM,CLAIM,AGE,IS_VALID,LINK) values ('CN211467408U','一种网络桥架',1,'G06F30/20','2','中铁一局集团有限公司','胜利油田东方鹏达非金属制品有限公司','310000',to_date('13-12月-19','DD-MON-RR'),'CN207819360U','本实用新型涉及网线布置技术领域，具体为一种网络桥架内网线理线板结构，其能够满足大批量网线的理线要求，其包括网络桥架，其特征在于，所述网络桥架上设置有一块PVC板，所述PVC板上均匀开设置有过线孔，所述过线孔上安装有橡胶环片，所述橡胶环片由两个半圆环片拼合而成，所述半圆环片外周面开设置有卡槽，所述橡胶环片通过所述卡槽卡嵌连接所述过线孔。','1.一种网络桥架内网线理线板结构，其包括网络桥架，其特征在于，所述网络桥架上设置有一块PVC板，所述PVC板上均匀开设置有过线孔，所述过线孔上安装有橡胶环片，所述橡胶环片由两个半圆环片拼合而成，所述半圆环片外周面开设置有卡槽，所述橡胶环片通过所述卡槽卡嵌连接所述过线孔；所述橡胶环片一侧设置有标签插槽。','1.一种网络桥架内网线理线板结构，其包括网络桥架，其特征在于，所述网络桥架上设 置有一块PVC板，所述PVC板上均匀开设置有过线孔，所述过线孔上安装有橡胶环片，所述橡 胶环片由两个半圆环片拼合而成，所述半圆环片外周面开设置有卡槽，所述橡胶环片通过 所述卡槽卡嵌连接所述过线孔；所述橡胶环片一侧设置有标签插槽。',1,'1','http://cprs.patentstar.com.cn/Search/ResultList?CurrentQuery=RzA2RjMwLzEzL01D&type=cn');
Insert into PATENT (APP_NUM,NAME,PATENT_TYPE,CLASS_CODE,DESIGNER_ID,PATENTEE_NAME,PROPOSER_NAME,PLACE_CODE,APP_DATE,PUBLIC_NUM,ABSTRACT,MAIN_CLAIM,CLAIM,AGE,IS_VALID,LINK) values ('CN211467406U','一种具有骨架的超高分子聚乙烯塑料管',1,'G06F30/18','2','中铁一局集团有限公司','胜利油田东方鹏达非金属制品有限公司','310000',to_date('11-12月-19','DD-MON-RR'),'CN110990935A','本发明公开了一种基于BIM的路面病害分析展示方法及系统，所述方法包括：获取路面纹理的原始高程数据，将路面纹理的原始高程数据根据车道、桩号区间进行划分，并与公路工程BIM对应车道、桩号区间进行关联存储；获取待检测路段的路面纹理的实际高程数据，与对应车道、桩号区间进行关联；将获取的待检测路段的实际高程数据与存储的原始高程数据对比分析，生成对应车道、桩号区间的路面病害的分析结果；当收到路面病害查询请求时，调取对应车道、桩号区间的路面病害的分析结果，结合公路工程BIM进行展示。本发明实现基于公路工程BIM的路面病害的分析展示，为公路工程信息化管理提供便利。','1.一种无损地由BIM模型构建空间语义数据库的方法，其特征在于，包括步骤如下：初始设置，选择关系型数据库；步骤一：数据库表个数与BIM对象的种类对齐，BIM中有多少类对象，就建立多少张表格；新建表：根据BIM数据的组织规范建立表，表名称和BIM中种类名称保持一致；实现将BIM中所有的对象种类的涵盖；步骤二：数据库表结构与BIM对象的属性对齐；定义表结构字段：根据每类BIM对象的属性描述字段，构建数据库表的字段：字段名称、类型均和BIM对象保持一致；将BIM对象的属性设置为表的字段名；步骤三：数据库表关系与BIM对象间关系对齐；定义表之间关系：将BIM对象的唯一ID，设置为每个表的主键，将BIM对象的父节点ID，设置为表的外键，通过主键、外键配合，实现用关系型数据库描述BIM树状结构；步骤四：数据库表记录与BIM对象的记录对齐，将BIM对象进行入库，将所有BIM对象按照分类存入对应的表中，形成表的记录；将BIM对象按照上述数据库结构进行表记录整理；步骤五：执行建库脚本，进行建库得到无损的BIM空间语义数据库；形成将BIM中每类对象、每个属性都入库，每类对象的关系也通过表之间的关系清晰表达，所有BIM对象属性完整保留，所有BIM对象关系完整保留，BIM的几何表达转换为空间表达，得到同BIM组织架构一样的空间语义数据库的结构；该步骤四中的表记录整理为分别执行几何转换操作和语义保留操作；该几何转换操作为将BIM数据的几何信息进行坐标转换，包括几何表达方式的转换和坐标转换得到地理空间的几何信息。','1.一种无损地由BIM模型构建空间语义数据库的方法，其特征在于，包括步骤如下：初始设置，选择关系型数据库；步骤一：数据库表个数与BIM对象的种类对齐，BIM中有多少类对象，就建立多少张表格；新建表：根据BIM数据的组织规范建立表，表名称和BIM中种类名称保持一致；实现将BIM中所有的对象种类的涵盖；步骤二：数据库表结构与BIM对象的属性对齐；定义表结构字段：根据每类BIM对象的属性描述字段，构建数据库表的字段：字段名称、类型均和BIM对象保持一致；将BIM对象的属性设置为表的字段名；步骤三：数据库表关系与BIM对象间关系对齐；定义表之间关系：将BIM对象的唯一ID，设置为每个表的主键，将BIM对象的父节点ID，设置为表的外键，通过主键、外键配合，实现用关系型数据库描述BIM树状结构；步骤四：数据库表记录与BIM对象的记录对齐，将BIM对象进行入库，将所有BIM对象按照分类存入对应的表中，形成表的记录；将BIM对象按照上述数据库结构进行表记录整理；步骤五：执行建库脚本，进行建库得到无损的BIM空间语义数据库；形成将BIM中每类对象、每个属性都入库，每类对象的关系也通过表之间的关系清晰表达，所有BIM对象属性完整保留，所有BIM对象关系完整保留，BIM的几何表达转换为空间表达，得到同BIM组织架构一样的空间语义数据库的结构；该步骤四中的表记录整理为分别执行几何转换操作和语义保留操作；该几何转换操作为将BIM数据的几何信息进行坐标转换，包括几何表达方式的转换和坐标转换得到地理空间的几何信息。',1,'1','http://cprs.patentstar.com.cn/Search/Detail?ANE=9FGE7BGA7AFA5FAA7FBA8BHA9FEH9HCA9DGH9EEG9DDD9AHD');
Insert into PATENT (APP_NUM,NAME,PATENT_TYPE,CLASS_CODE,DESIGNER_ID,PATENTEE_NAME,PROPOSER_NAME,PLACE_CODE,APP_DATE,PUBLIC_NUM,ABSTRACT,MAIN_CLAIM,CLAIM,AGE,IS_VALID,LINK) values ('CN211467407U','一种防止收束管道装置',1,'G06F30/19','2','中铁一局集团有限公司','胜利油田东方鹏达非金属制品有限公司','310000',to_date('12-12月-19','DD-MON-RR'),'CN110990936A','本发明公开了一种模型标记方法、装置、存储介质及电子设备，其中方法包括：获取三维模型，识别所述三维模型的场景信息和待标记部件的部件信息；将所述场景信息和所述部件信息进行二维渲染，生成二维的待标记图像；基于各所述待标记部件在所述待标记图像的分布状态，确定对各所述待标记部件进行标记的标记组件的属性信息；基于所述各所述待标记部件对应的标记组件的属性信息以及所述待标记部件的标记内容，在所述待标记图像中对各所述待标记部件进行标记。基于各待标记部件的分布状态确定对应标记组件的属性信息，保证了各待标记部件标记组件在待标记图像中均匀分布，避免多个标记分布密集导致标记混乱的情况，提高了标记清晰度。','1.一种模型标记方法，其特征在于，包括：获取三维模型，识别所述三维模型的场景信息和待标记部件的部件信息；将所述场景信息和所述部件信息进行二维渲染，生成二维的待标记图像；基于各所述待标记部件在所述待标记图像的分布状态，确定对各所述待标记部件进行标记的标记组件的属性信息；基于所述各所述待标记部件对应的标记组件的属性信息以及所述待标记部件的标记内容，在所述待标记图像中对各所述待标记部件进行标记。','1.一种模型标记方法，其特征在于，包括：获取三维模型，识别所述三维模型的场景信息和待标记部件的部件信息；将所述场景信息和所述部件信息进行二维渲染，生成二维的待标记图像；基于各所述待标记部件在所述待标记图像的分布状态，确定对各所述待标记部件进行标记的标记组件的属性信息；基于所述各所述待标记部件对应的标记组件的属性信息以及所述待标记部件的标记内容，在所述待标记图像中对各所述待标记部件进行标记。',1,'3','http://cprs.patentstar.com.cn/Search/Detail?ANE=4ACA9HGE9DGC1BAA9IFF9GGD9CDD9IBC4BDA9EGC9BHD9HIH');
Insert into PATENT (APP_NUM,NAME,PATENT_TYPE,CLASS_CODE,DESIGNER_ID,PATENTEE_NAME,PROPOSER_NAME,PLACE_CODE,APP_DATE,PUBLIC_NUM,ABSTRACT,MAIN_CLAIM,CLAIM,AGE,IS_VALID,LINK) values ('CN211467403U','一种橡胶条抗拉伸测试装置',1,'G06F30/15','1','中铁一局集团有限公司','江苏樱之花科技发展有限公司','310000',to_date('08-12月-19','DD-MON-RR'),'CN110990932A','本申请涉及一种基于深度视频事件补全的视频数据异常识别方法和装置。所述方法包括：获取当前视频帧中前景目标所在区域，从当前视频帧所在的预设长度视频帧序列中，获取各视频帧在前景目标区域的图像数据，根据得到的图像数据序列生成视频事件数据，从视频事件数据中抽除图像数据得到不完整视频事件数据，输入预设的深度视频事件补全模型进行外观补全和运动补全，根据补全结果和被抽除图像数据间的误差识别视频事件数据中的异常。上述方法使用基于深度神经网络的深度视频事件补全模型，结合外观补全和运动补全方式补全不完整视频事件，充分挖掘了视频事件数据中的高层次语义特征，利用了视频中的上下文信息，有效提升了识别异常视频事件的性能。','?1.一种基于深度视频事件补全的视频数据异常识别方法，其特征在于，所述方法包括：获取当前视频帧中前景目标所在的前景目标区域，从包括当前视频帧的预设长度的视频帧序列中，获取每个视频帧在所述前景目标区域的图像数据，根据得到的图像数据序列生成视频事件数据；从所述视频事件数据的所述图像数据序列中抽除预设数量的图像数据，得到对应的不完整视频事件数据，将所述不完整视频事件数据输入预先训练的深度视频事件补全模型，得到对应的外观补全图像数据和运动信息补全数据；所述深度视频事件补全模型包括基于深度神经网络的外观补全网络和运动补全网络；根据被抽除的所述图像数据和所述外观补全图像数据之间的误差，以及根据被抽除的所述图像数据的运动信息数据和所述运动信息补全数据之间的误差，识别所述视频事件数据中的异常。','?1.一种基于深度视频事件补全的视频数据异常识别方法，其特征在于，所述方法包括：获取当前视频帧中前景目标所在的前景目标区域，从包括当前视频帧的预设长度的视频帧序列中，获取每个视频帧在所述前景目标区域的图像数据，根据得到的图像数据序列生成视频事件数据；从所述视频事件数据的所述图像数据序列中抽除预设数量的图像数据，得到对应的不完整视频事件数据，将所述不完整视频事件数据输入预先训练的深度视频事件补全模型，得到对应的外观补全图像数据和运动信息补全数据；所述深度视频事件补全模型包括基于深度神经网络的外观补全网络和运动补全网络；根据被抽除的所述图像数据和所述外观补全图像数据之间的误差，以及根据被抽除的所述图像数据的运动信息数据和所述运动信息补全数据之间的误差，识别所述视频事件数据中的异常。',1,'1','http://cprs.patentstar.com.cn/Search/Detail?ANE=6EAA8CGA9FFD9FFB9IAA2ACA9ACADFGA5DAA9EEH9FGC7BFA');
Insert into PATENT (APP_NUM,NAME,PATENT_TYPE,CLASS_CODE,DESIGNER_ID,PATENTEE_NAME,PROPOSER_NAME,PLACE_CODE,APP_DATE,PUBLIC_NUM,ABSTRACT,MAIN_CLAIM,CLAIM,AGE,IS_VALID,LINK) values ('CN211467404U',' 一种塑料静电效果检测装置',1,'G06F30/16','1','中铁一局集团有限公司','江苏樱之花科技发展有限公司','310000',to_date('09-12月-19','DD-MON-RR'),'CN110990933A','?本发明属于结构工程技术领域的一种波纹钢板墙混合连接节点，技术方案为：波纹钢板墙包括波纹钢板、竖向边缘构件、水平T形鱼尾板；竖向边缘构件分别焊接在波纹钢板的左右两侧；水平T形鱼尾板通过翼缘板分别焊接在波纹钢板的上下两侧；框架梁位于波纹钢板墙的上下两侧；竖向边缘构件与框架梁采用销轴连接，水平T形鱼尾板与框架梁采用螺栓连接。其易于安装和更换，且在地震作用下疲劳性能更好。','1.一种波纹钢板墙混合连接节点，波纹钢板墙包括波纹钢板(1)、竖向边缘构件(2)、水平T形鱼尾板(4)；所述竖向边缘构件(2)分别焊接在所述波纹钢板(1)的左右两侧；所述水平T形鱼尾板(4)通过翼缘板分别焊接在所述波纹钢板(1)的上下两侧；框架梁(3)位于所述波纹钢板墙的上下两侧；其特征在于：所述竖向边缘构件(2)与所述框架梁(3)采用销轴连接，所述水平T形鱼尾板(4)与所述框架梁(3)采用螺栓连接。','1.一种波纹钢板墙混合连接节点，波纹钢板墙包括波纹钢板(1)、竖向边缘构件(2)、水平T形鱼尾板(4)；所述竖向边缘构件(2)分别焊接在所述波纹钢板(1)的左右两侧；所述水平T形鱼尾板(4)通过翼缘板分别焊接在所述波纹钢板(1)的上下两侧；框架梁(3)位于所述波纹钢板墙的上下两侧；其特征在于：所述竖向边缘构件(2)与所述框架梁(3)采用销轴连接，所述水平T形鱼尾板(4)与所述框架梁(3)采用螺栓连接。',1,'2','http://cprs.patentstar.com.cn/Search/Detail?ANE=9BHB9EGB9FGE7DEA6FAA7CFA9AIFBFFA9EIH7CDA9FIGBIFA');
Insert into PATENT (APP_NUM,NAME,PATENT_TYPE,CLASS_CODE,DESIGNER_ID,PATENTEE_NAME,PROPOSER_NAME,PLACE_CODE,APP_DATE,PUBLIC_NUM,ABSTRACT,MAIN_CLAIM,CLAIM,AGE,IS_VALID,LINK) values ('CN211467405U',' 一种生产可降解塑料手套的挤出机',1,'G06F30/17','2','中铁一局集团有限公司','胜利油田东方鹏达非金属制品有限公司','310000',to_date('10-12月-19','DD-MON-RR'),'CN110990934A','本发明涉及一种分布式液位平衡型竖向阻尼器，包括至少两个第一水箱、至少一个第二水箱、用于连通相邻第一水箱和第二水箱的液位平衡连通管；所述第一水箱顶部设有调压孔，所述第一水箱内设置有至少一个挡板，所述挡板通过固定组件固定在第一水箱上；所述第二水箱顶部设置有密闭空气室；本发明构造形式简单、价格低廉、容易安装、耗能能力好、自动激活性能好、调频能力强，能够根据桥梁结构自身振动模态及阻尼特性进行阻尼器的分布式设计，对桥梁多阶竖弯振动模态，均可提供阻尼，对桥梁结构的竖向振动进行有效控制，提高桥梁的舒适度和安全度。','1.一种分布式液位平衡型竖向阻尼器，其特征在于，包括至少两个第一水箱(10)、至少一个第二水箱(20)、用于连通相邻第一水箱(10)和第二水箱(20)的液位平衡连通管(30)；所述第一水箱(10)顶部设有调压孔(60)，所述第一水箱(10)内设置有至少一个挡板(40)，所述挡板(40)通过固定组件(50)固定在第一水箱(10)上；所述第二水箱(20)顶部设置有密闭空气室(70)。','1.一种分布式液位平衡型竖向阻尼器，其特征在于，包括至少两个第一水箱(10)、至少一个第二水箱(20)、用于连通相邻第一水箱(10)和第二水箱(20)的液位平衡连通管(30)；所述第一水箱(10)顶部设有调压孔(60)，所述第一水箱(10)内设置有至少一个挡板(40)，所述挡板(40)通过固定组件(50)固定在第一水箱(10)上；所述第二水箱(20)顶部设置有密闭空气室(70)。',1,'1','http://cprs.patentstar.com.cn/Search/Detail?ANE=2AAA9HFD9HDD9IFE9FGD5EBA9CHG8DAA9CDE7EDA9DDC9CFE');
Insert into PATENT (APP_NUM,NAME,PATENT_TYPE,CLASS_CODE,DESIGNER_ID,PATENTEE_NAME,PROPOSER_NAME,PLACE_CODE,APP_DATE,PUBLIC_NUM,ABSTRACT,MAIN_CLAIM,CLAIM,AGE,IS_VALID,LINK) values ('CN211467402U','一种聚乙烯塑料边料挤出回收机',1,'G06F30/14','1','中铁一局集团有限公司','江苏樱之花科技发展有限公司','310000',to_date('07-12月-19','DD-MON-RR'),'CN110990931A','本申请实施例提供一种云网融合环境下基于智能信息推荐的消息推送方法及装置，首先获取用户终端的当前匹配空间道路，然后根据当前匹配空间道路从服务器中查询匹配的目标信息推荐区域，基于目标信息推荐区域计算并提取用户终端的推送特征参数，并根据推送特征参数确定用户终端的推送消息序列，从而根据用户终端的推送消息序列对用户终端进行特定消息推送。通过以上设计，可以为用户的安全出行提供公共安全事件信息的主动推送提示，防止公共安全事件扩散或爆发。','1.一种云网融合环境下基于智能信息推荐的消息推送方法，其特征在于，应用于与用户终端通信连接的服务器，所述方法包括：获取所述用户终端的当前匹配空间道路；根据所述当前匹配空间道路从服务器中查询匹配的目标信息推荐区域，基于所述目标信息推荐区域计算并提取所述用户终端的推送特征参数，并根据所述推送特征参数确定所述用户终端的推送消息序列；根据所述用户终端的推送消息序列对所述用户终端进行特定消息推送；所述计算并提取的所述用户终端的推送特征参数，并根据所述推送特征参数确定所述用户终端的推送消息序列的步骤，包括：计算所述当前匹配空间道路在所述目标信息推荐区域中的推送预测距离；获取所述当前匹配空间道路所在道路网络对于携带所述用户终端的出行人的熟悉度以及出行人的当前行走速度；根据所述熟悉度和所述当前行走速度计算所述出行人的理论行走速度，并根据所述理论行走速度和所述推送预测距离计算所述出行人在所述目标信息推荐区域中的总推送时长；从预先配置的特定消息数据库中获取与所述总推送时长匹配的多个待推送特定消息，并分别确定每个待推送特定消息的推送时长、推送状态、推送优先级以及推送强度，作为所述用户终端对应的每个待推送特定消息的推送特征参数；将每个待推送特定消息以及每个待推送特定消息的推送特征参数进行关联映射并排列，得到所述用户终端的推送消息序列。','1.一种云网融合环境下基于智能信息推荐的消息推送方法，其特征在于，应用于与用户终端通信连接的服务器，所述方法包括：获取所述用户终端的当前匹配空间道路；根据所述当前匹配空间道路从服务器中查询匹配的目标信息推荐区域，基于所述目标信息推荐区域计算并提取所述用户终端的推送特征参数，并根据所述推送特征参数确定所述用户终端的推送消息序列；根据所述用户终端的推送消息序列对所述用户终端进行特定消息推送；所述计算并提取的所述用户终端的推送特征参数，并根据所述推送特征参数确定所述用户终端的推送消息序列的步骤，包括：计算所述当前匹配空间道路在所述目标信息推荐区域中的推送预测距离；获取所述当前匹配空间道路所在道路网络对于携带所述用户终端的出行人的熟悉度以及出行人的当前行走速度；根据所述熟悉度和所述当前行走速度计算所述出行人的理论行走速度，并根据所述理论行走速度和所述推送预测距离计算所述出行人在所述目标信息推荐区域中的总推送时长；从预先配置的特定消息数据库中获取与所述总推送时长匹配的多个待推送特定消息，并分别确定每个待推送特定消息的推送时长、推送状态、推送优先级以及推送强度，作为所述用户终端对应的每个待推送特定消息的推送特征参数；将每个待推送特定消息以及每个待推送特定消息的推送特征参数进行关联映射并排列，得到所述用户终端的推送消息序列。',1,'1','http://cprs.patentstar.com.cn/Search/Detail?ANE=9HBB1ABA7BEA9DIC9HFE9ICBCEIABFFA9EHH9EEG6BBA9FDE');
Insert into PATENT (APP_NUM,NAME,PATENT_TYPE,CLASS_CODE,DESIGNER_ID,PATENTEE_NAME,PROPOSER_NAME,PLACE_CODE,APP_DATE,PUBLIC_NUM,ABSTRACT,MAIN_CLAIM,CLAIM,AGE,IS_VALID,LINK) values ('CN211467401U','一种隧道BIM快速建模方法',0,'G06F30/13','1','中铁一局集团有限公司','江苏樱之花科技发展有限公司','310000',to_date('06-12月-19','DD-MON-RR'),'CN110990930A','本发明公开了一种隧道BIM快速建模方法，包括以下步骤：一、绘制隧道平面图和隧道纵断面图；二、获取设计隧道中心线；三、设计隧道中心线上标记标签；四、获取校正隧道中心线上各个标签的坐标；五、创建盾构管片块；六、盾构管片的拼接,完成隧道建模。本发明方法步骤简单，设计新颖合理，将设计隧道中心线上各个标签的坐标进行校正，从而有效地适应弯道上超高和超距的存在，并在隧道中心线曲线段进行盾构管片环拼接时进行管片块的校正，有效地适应隧道的真实情况，提高了隧道模型精度，且效率高。','?1.一种基于深度视频事件补全的视频数据异常识别方法，其特征在于，所述方法包括：获取当前视频帧中前景目标所在的前景目标区域，从包括当前视频帧的预设长度的视频帧序列中，获取每个视频帧在所述前景目标区域的图像数据，根据得到的图像数据序列生成视频事件数据；从所述视频事件数据的所述图像数据序列中抽除预设数量的图像数据，得到对应的不完整视频事件数据，将所述不完整视频事件数据输入预先训练的深度视频事件补全模型，得到对应的外观补全图像数据和运动信息补全数据；所述深度视频事件补全模型包括基于深度神经网络的外观补全网络和运动补全网络；根据被抽除的所述图像数据和所述外观补全图像数据之间的误差，以及根据被抽除的所述图像数据的运动信息数据和所述运动信息补全数据之间的误差，识别所述视频事件数据中的异常。','?1.一种基于深度视频事件补全的视频数据异常识别方法，其特征在于，所述方法包括：获取当前视频帧中前景目标所在的前景目标区域，从包括当前视频帧的预设长度的视频帧序列中，获取每个视频帧在所述前景目标区域的图像数据，根据得到的图像数据序列生成视频事件数据；从所述视频事件数据的所述图像数据序列中抽除预设数量的图像数据，得到对应的不完整视频事件数据，将所述不完整视频事件数据输入预先训练的深度视频事件补全模型，得到对应的外观补全图像数据和运动信息补全数据；所述深度视频事件补全模型包括基于深度神经网络的外观补全网络和运动补全网络；根据被抽除的所述图像数据和所述外观补全图像数据之间的误差，以及根据被抽除的所述图像数据的运动信息数据和所述运动信息补全数据之间的误差，识别所述视频事件数据中的异常。',1,'3','http://cprs.patentstar.com.cn/Search/Detail?ANE=8FBA4CCA9CIC9FCH3BBA9EFB9HAA9GAB5ABA9FAE9DGF9BFC');
Insert into PATENT (APP_NUM,NAME,PATENT_TYPE,CLASS_CODE,DESIGNER_ID,PATENTEE_NAME,PROPOSER_NAME,PLACE_CODE,APP_DATE,PUBLIC_NUM,ABSTRACT,MAIN_CLAIM,CLAIM,AGE,IS_VALID,LINK) values ('CN111653906A','一种用于快速密封地铁隧道振动光缆的密封盖',1,'B60L53/39??','11','中钢集团耐火材料有限公司','苏州英俊科技有限公司','310000',to_date('08-2月 -19','DD-MON-RR'),'CN111651696A','本实用新型公开一种激光器COB封装电路板，包括激光器，激光器底面设有金属散热层，侧面设有加电电极；导电基板上均匀开设有至少两个安装凹槽，安装凹槽的槽口与激光器对应，金属散热层通过导电胶粘合在安装凹槽的槽底面；接电单元设置在导电基板上，且接电单元一端与加电电极连接，另一端连接电源一极，电源另一极连接导电基板，电源、导电基板、激光器和接电单元配合形成回路。本实用新型导电基板上开设安装凹槽，便于激光器的安装，同时嵌入式安装也有效提高了激光器底面与导电基板的贴合紧密度，导电基板上开设多个安装凹槽，能够在一块导电基板上集成多个激光器，能够有效节约制造COB的成本，并有效提高了测试效率。','1.一种无损地由BIM模型构建空间语义数据库的方法，其特征在于，包括步骤如下：初始设置，选择关系型数据库；步骤一：数据库表个数与BIM对象的种类对齐，BIM中有多少类对象，就建立多少张表格；新建表：根据BIM数据的组织规范建立表，表名称和BIM中种类名称保持一致；实现将BIM中所有的对象种类的涵盖；步骤二：数据库表结构与BIM对象的属性对齐；定义表结构字段：根据每类BIM对象的属性描述字段，构建数据库表的字段：字段名称、类型均和BIM对象保持一致；将BIM对象的属性设置为表的字段名；步骤三：数据库表关系与BIM对象间关系对齐；定义表之间关系：将BIM对象的唯一ID，设置为每个表的主键，将BIM对象的父节点ID，设置为表的外键，通过主键、外键配合，实现用关系型数据库描述BIM树状结构；步骤四：数据库表记录与BIM对象的记录对齐，将BIM对象进行入库，将所有BIM对象按照分类存入对应的表中，形成表的记录；将BIM对象按照上述数据库结构进行表记录整理；步骤五：执行建库脚本，进行建库得到无损的BIM空间语义数据库；形成将BIM中每类对象、每个属性都入库，每类对象的关系也通过表之间的关系清晰表达，所有BIM对象属性完整保留，所有BIM对象关系完整保留，BIM的几何表达转换为空间表达，得到同BIM组织架构一样的空间语义数据库的结构；该步骤四中的表记录整理为分别执行几何转换操作和语义保留操作；该几何转换操作为将BIM数据的几何信息进行坐标转换，包括几何表达方式的转换和坐标转换得到地理空间的几何信息。','1.一种无损地由BIM模型构建空间语义数据库的方法，其特征在于，包括步骤如下：初始设置，选择关系型数据库；步骤一：数据库表个数与BIM对象的种类对齐，BIM中有多少类对象，就建立多少张表格；新建表：根据BIM数据的组织规范建立表，表名称和BIM中种类名称保持一致；实现将BIM中所有的对象种类的涵盖；步骤二：数据库表结构与BIM对象的属性对齐；定义表结构字段：根据每类BIM对象的属性描述字段，构建数据库表的字段：字段名称、类型均和BIM对象保持一致；将BIM对象的属性设置为表的字段名；步骤三：数据库表关系与BIM对象间关系对齐；定义表之间关系：将BIM对象的唯一ID，设置为每个表的主键，将BIM对象的父节点ID，设置为表的外键，通过主键、外键配合，实现用关系型数据库描述BIM树状结构；步骤四：数据库表记录与BIM对象的记录对齐，将BIM对象进行入库，将所有BIM对象按照分类存入对应的表中，形成表的记录；将BIM对象按照上述数据库结构进行表记录整理；步骤五：执行建库脚本，进行建库得到无损的BIM空间语义数据库；形成将BIM中每类对象、每个属性都入库，每类对象的关系也通过表之间的关系清晰表达，所有BIM对象属性完整保留，所有BIM对象关系完整保留，BIM的几何表达转换为空间表达，得到同BIM组织架构一样的空间语义数据库的结构；该步骤四中的表记录整理为分别执行几何转换操作和语义保留操作；该几何转换操作为将BIM数据的几何信息进行坐标转换，包括几何表达方式的转换和坐标转换得到地理空间的几何信息。',1,'1','http://cprs.patentstar.com.cn/Search/Detail?ANE=9FFD9FEA9CFA7BGA9HCB4DBA7ACADIGA9IDCFIFAAFHA9AIA');
Insert into PATENT (APP_NUM,NAME,PATENT_TYPE,CLASS_CODE,DESIGNER_ID,PATENTEE_NAME,PROPOSER_NAME,PLACE_CODE,APP_DATE,PUBLIC_NUM,ABSTRACT,MAIN_CLAIM,CLAIM,AGE,IS_VALID,LINK) values ('CN111653907A','一种用于地铁隧道振动光缆敷设的专用打胶头',1,'B60L53/40??','11','中钢集团耐火材料有限公司','苏州英俊科技有限公司','310000',to_date('09-2月 -19','DD-MON-RR'),'CN111651697A','本发明公开了一种单片集成多轴MEMS传感器制成平台及其制造方法，属于传感器制造领域。其技术方案要点是包括平台和多轴MEMS传感器，平台包括带有通气孔的石英基底，带有凹腔和支撑柱的双层SOI圆片，结构圆片，以及带有凹腔、贯穿硅通孔和金属引线的盖板圆片。石英基底、双层SOI圆片、结构圆片和盖板圆片从下至上通过粘合堆叠的方式逐层设置，多轴MEMS传感器包括陀螺仪、加速度计、压力传感器和温度传感器。本发明的优点在于多种传感器可以集成在一个平台上，以获得更小的器件尺寸和更低的成本，同时提高集成器件的性能。','1.一种模型标记方法，其特征在于，包括：获取三维模型，识别所述三维模型的场景信息和待标记部件的部件信息；将所述场景信息和所述部件信息进行二维渲染，生成二维的待标记图像；基于各所述待标记部件在所述待标记图像的分布状态，确定对各所述待标记部件进行标记的标记组件的属性信息；基于所述各所述待标记部件对应的标记组件的属性信息以及所述待标记部件的标记内容，在所述待标记图像中对各所述待标记部件进行标记。','1.一种模型标记方法，其特征在于，包括：获取三维模型，识别所述三维模型的场景信息和待标记部件的部件信息；将所述场景信息和所述部件信息进行二维渲染，生成二维的待标记图像；基于各所述待标记部件在所述待标记图像的分布状态，确定对各所述待标记部件进行标记的标记组件的属性信息；基于所述各所述待标记部件对应的标记组件的属性信息以及所述待标记部件的标记内容，在所述待标记图像中对各所述待标记部件进行标记。',1,'1','http://cprs.patentstar.com.cn/Search/Detail?ANE=9HEE9DGABIIA4AEA9FIF9DGA9IDH9GFG8BBA9EIFDFHA9GEF');
Insert into PATENT (APP_NUM,NAME,PATENT_TYPE,CLASS_CODE,DESIGNER_ID,PATENTEE_NAME,PROPOSER_NAME,PLACE_CODE,APP_DATE,PUBLIC_NUM,ABSTRACT,MAIN_CLAIM,CLAIM,AGE,IS_VALID,LINK) values ('CN111653908A','地铁隧道全时全域振动监测历史数据的清洗压缩方法',0,'B60L53/41??','11','中钢集团耐火材料有限公司','苏州英俊科技有限公司','310000',to_date('10-2月 -19','DD-MON-RR'),'CN111651698A','本发明提供了一种高温加热炉温度传感器布点装置及其计量校准方法，它是设置温度传感器布点装置，通过布点装置满足传感器个数和测温位置的布点要求，采用后置测温方式，将温度传感器的导电线从被检高温加热炉的后置测温孔穿出，从而避免前置测温方式在关闭炉门时对温度传感器导电线造成的损害，在校准高温加热炉之前，先校准其自身的自带控温热电偶和控温仪，以提高校准结果的准确性。','1.一种网络桥架内网线理线板结构，其包括网络桥架，其特征在于，所述网络桥架上设置有一块PVC板，所述PVC板上均匀开设置有过线孔，所述过线孔上安装有橡胶环片，所述橡胶环片由两个半圆环片拼合而成，所述半圆环片外周面开设置有卡槽，所述橡胶环片通过所述卡槽卡嵌连接所述过线孔；所述橡胶环片一侧设置有标签插槽。','1.一种网络桥架内网线理线板结构，其包括网络桥架，其特征在于，所述网络桥架上设 置有一块PVC板，所述PVC板上均匀开设置有过线孔，所述过线孔上安装有橡胶环片，所述橡 胶环片由两个半圆环片拼合而成，所述半圆环片外周面开设置有卡槽，所述橡胶环片通过 所述卡槽卡嵌连接所述过线孔；所述橡胶环片一侧设置有标签插槽。',1,'2','http://cprs.patentstar.com.cn/Search/Detail?ANE=7EBA9IDC9GFE7HAA9IDD8EEA9GCE8CCA9EACBIHACIEA5DAA');
Insert into PATENT (APP_NUM,NAME,PATENT_TYPE,CLASS_CODE,DESIGNER_ID,PATENTEE_NAME,PROPOSER_NAME,PLACE_CODE,APP_DATE,PUBLIC_NUM,ABSTRACT,MAIN_CLAIM,CLAIM,AGE,IS_VALID,LINK) values ('CN111653909A','一种轨道交通行车采集装置',1,'B60L53/42??','11','中钢集团耐火材料有限公司','苏州英俊科技有限公司','310000',to_date('11-2月 -19','DD-MON-RR'),'CN111651699A','一种靶材坯料及其制作方法，靶材坯料制作方法包括：提供靶材原料，所述靶材原料为颗粒状；在所述靶材原料表面形成还原层，所述还原层含碳；对所述靶材原料进行脱氧处理，以便通过所述还原层去除所述靶材原料中的氧；对经脱氧处理后的靶材原料进行烧结处理，形成靶材坯料。所述靶材坯料制作方法能够形成低氧含量的靶材坯料。','?1.一种包含硬装的卫生间自动设计系统，其特征在于：主要包括生成布局模块、划分干湿区模块、生成关注区模块和硬装匹配模块，其中，生成布局模块，用于在目标房间中生成软装家具的布局；划分干湿区模块，用于样板间和目标房间进行干湿区子区域划分；生成关注区模块，用于根据各个家具的位置以及干湿区分区信息，结合样板间中墙、顶、地面上的硬装设计，在样板间和目标房间生成墙面、地面、顶面的硬装面关注区；硬装匹配模块，用于结合样板间关注区中的硬装设计，按照关注区应用到目标房间对应的区域中，并且微调适配房间内布局好的家具。','?1.一种包含硬装的卫生间自动设计系统，其特征在于：主要包括生成布局模块、划分干湿区模块、生成关注区模块和硬装匹配模块，其中，生成布局模块，用于在目标房间中生成软装家具的布局；划分干湿区模块，用于样板间和目标房间进行干湿区子区域划分；生成关注区模块，用于根据各个家具的位置以及干湿区分区信息，结合样板间中墙、顶、地面上的硬装设计，在样板间和目标房间生成墙面、地面、顶面的硬装面关注区；硬装匹配模块，用于结合样板间关注区中的硬装设计，按照关注区应用到目标房间对应的区域中，并且微调适配房间内布局好的家具。',1,'3','http://cprs.patentstar.com.cn/Search/Detail?ANE=9CGB6GAA9HDD8BHA9GEC6ECA9EAA9GGEAGIA3DAA9AFE8CEA');
Insert into PATENT (APP_NUM,NAME,PATENT_TYPE,CLASS_CODE,DESIGNER_ID,PATENTEE_NAME,PROPOSER_NAME,PLACE_CODE,APP_DATE,PUBLIC_NUM,ABSTRACT,MAIN_CLAIM,CLAIM,AGE,IS_VALID,LINK) values ('CN111653910A','光纤光栅边缘叠加滤波的波长解调方法',0,'B60L53/43??','12','快客智能装备有限公司','苏州英俊科技有限公司','310000',to_date('12-2月 -19','DD-MON-RR'),'CN111651700A','本发明公开了一种一二次融合智能化成套环网柜，包括柜体，所述柜体带有柜门，在所述柜体内固定有凝露检测组件，所述凝露检测组件用于检测是否发生凝露，其包括引流锥、长槽、引流管、集液瓶、毛细管、电极；所述引流锥为倒锥台面，由金属制成，作为凝露发生面，内外面上刻有多个长槽，长槽底端延伸至引流锥的底边，且长槽的底端开口并与引流管连通；所述引流管底端伸入集液瓶内；所述集液瓶侧面连通倾斜向上设置的毛细管；毛细管管壁上固定有相对的两个金属电极，当水同时与两个电极接触时连通两个电极；还包括引风组件，引风组件用于强制柜体内外空气对流；所述电极接通后，所述引风组件均开始工作。改环网柜能够有效的消除或是避免发生凝露。','1.一种复杂索网体系的建模分析方法，其特征在于：采用子结构模态综合法和模型降阶方法，形成索网系统动力特性和动力响应分析的功能。','1.一种复杂索网体系的建模分析方法，其特征在于：采用子结构模态综合法和模型降阶方法，形成索网系统动力特性和动力响应分析的功能。',1,'1','http://cprs.patentstar.com.cn/Search/Detail?ANE=9FFD9HCA8BFA2BBA3ACA1ABA9BFC5CCA9CHC9HFE8ACABHIA');
Insert into PATENT (APP_NUM,NAME,PATENT_TYPE,CLASS_CODE,DESIGNER_ID,PATENTEE_NAME,PROPOSER_NAME,PLACE_CODE,APP_DATE,PUBLIC_NUM,ABSTRACT,MAIN_CLAIM,CLAIM,AGE,IS_VALID,LINK) values ('CN111653911A','地铁换乘路线生成方法、装置、存储介质及计算机设备',1,'B60L53/44??','12','快客智能装备有限公司','吉林省塑料研究有限公司','310000',to_date('13-2月 -19','DD-MON-RR'),'CN111651701A','本发明公开了一种铝合金表面抗腐耐磨改性陶瓷涂层制备方法，涉及铝合金表面处理技术领域；为了解决涂层冷却到室温过程中产生裂纹问题；具体包括如下步骤：将陶瓷材料、添加剂、复合添加材料进行干燥、研磨，过200目筛，备用；将铝合金元件处理备用；将干粉状的陶瓷粉末倒入搅拌机内，加入去离子水。本发明以去离子水作为载液，以添加剂作为粘结剂，添加多种金属无机氧化物并进行充分搅拌和碾磨，获得分散均匀的陶瓷涂料，添加复合添加材料和铝粉等，在热处理过程中的进一步氧化产生体积膨胀，以弥补陶瓷涂层在烧结过程中产生的体积收缩，使涂层达到致密化，对涂层起到了增韧作用，提高涂层在铝合金表面的结合力。','?1.一种肢体局部给药和透析设备，其特征在于，包括动脉室腔(1)和静脉室腔(2)；所述动脉室腔(1)和静脉室腔(2)为通过连接组件连接的盒体，其中，所述连接组件设置于动脉室腔(1)和静脉室腔(2)之间，所述动脉室腔(1)包括盒体一(3)和盒盖一(4)，所述盒体一(3)前端一侧壁上开设有两个线性阵列的开口槽(301)，所述开口槽(301)底部开设有第一安置槽(302)，所述第一安置槽(302)前端侧壁上开设有滑动槽(303)，所述滑动槽(303)贯穿第一安置槽(302)；所述第一安置槽(302)内滑动设置有封口块(5)，封口块(5)上固定连接有滑动把手(501)，滑动把手(501)与滑动槽(303)相互配合；所述盒体一(3)前端另一侧壁上还开设有楔入口(304)；所述盒盖一(4)一侧壁上开设有两个楔口槽(8)，所述盒盖一(4)另一侧固定连接有卡块(9)，卡块(9)上开设有螺栓孔(901)，所述卡块(9)与楔入口(304)相互配合，卡块(9)通过螺栓和螺栓孔(901)固定在楔入口(304)上；所述静脉室腔(2)包括盒体二(6)和盒盖二(7)；其中盒体二(6)与盒体一(3)相邻紧贴设置，且盒体二(6)与盒体一(3)的前端呈镜像设置；前端为盒盖一(4)和盒盖二(7)所在端，且盒盖一(4)和盒盖二(7)上的结构呈镜像设置；盒体一(3)和盒体二(6)通过镜像设置的开口槽(301)内安放的连接组件连接，连接组件包括镜像设置的两个L形块(10)，L形块(10)前端侧壁设置有贯穿本体的第一通孔(1001)，第一通孔(1001)内设置活动槽(1002)，活动槽(1002)与第一通孔(1001)同轴设置，且活动槽(1002)内径大于第一通孔(1001)内径；所述活动槽(1002)内滑动设置有限位圆块(11)，限位圆块(11)通过连接柱(1101)固定连接有限位圆块二(1102)；限位圆块(11)和限位圆块二(1102)分别位于两端L形块(10)的活动槽(1002)内，且连接柱(1101)与第一通孔(1101)相互配合；连接柱(1101)上还套接有复位弹簧，复位弹簧固定连接在两个L形块(10)之间；所述L形块(10)一侧还开设有滑动倒角(12)；楔口槽(8)与L形块(10)相互配合。','?1.一种肢体局部给药和透析设备，其特征在于，包括动脉室腔(1)和静脉室腔(2)；所述动脉室腔(1)和静脉室腔(2)为通过连接组件连接的盒体，其中，所述连接组件设置于动脉室腔(1)和静脉室腔(2)之间，所述动脉室腔(1)包括盒体一(3)和盒盖一(4)，所述盒体一(3)前端一侧壁上开设有两个线性阵列的开口槽(301)，所述开口槽(301)底部开设有第一安置槽(302)，所述第一安置槽(302)前端侧壁上开设有滑动槽(303)，所述滑动槽(303)贯穿第一安置槽(302)；所述第一安置槽(302)内滑动设置有封口块(5)，封口块(5)上固定连接有滑动把手(501)，滑动把手(501)与滑动槽(303)相互配合；所述盒体一(3)前端另一侧壁上还开设有楔入口(304)；所述盒盖一(4)一侧壁上开设有两个楔口槽(8)，所述盒盖一(4)另一侧固定连接有卡块(9)，卡块(9)上开设有螺栓孔(901)，所述卡块(9)与楔入口(304)相互配合，卡块(9)通过螺栓和螺栓孔(901)固定在楔入口(304)上；所述静脉室腔(2)包括盒体二(6)和盒盖二(7)；其中盒体二(6)与盒体一(3)相邻紧贴设置，且盒体二(6)与盒体一(3)的前端呈镜像设置；前端为盒盖一(4)和盒盖二(7)所在端，且盒盖一(4)和盒盖二(7)上的结构呈镜像设置；盒体一(3)和盒体二(6)通过镜像设置的开口槽(301)内安放的连接组件连接，连接组件包括镜像设置的两个L形块(10)，L形块(10)前端侧壁设置有贯穿本体的第一通孔(1001)，第一通孔(1001)内设置活动槽(1002)，活动槽(1002)与第一通孔(1001)同轴设置，且活动槽(1002)内径大于第一通孔(1001)内径；所述活动槽(1002)内滑动设置有限位圆块(11)，限位圆块(11)通过连接柱(1101)固定连接有限位圆块二(1102)；限位圆块(11)和限位圆块二(1102)分别位于两端L形块(10)的活动槽(1002)内，且连接柱(1101)与第一通孔(1101)相互配合；连接柱(1101)上还套接有复位弹簧，复位弹簧固定连接在两个L形块(10)之间；所述L形块(10)一侧还开设有滑动倒角(12)；楔口槽(8)与L形块(10)相互配合。',1,'2','http://cprs.patentstar.com.cn/Search/Detail?ANE=9FIG7CFA9EHE9IBA9DHC9DHB9FFG5BDA5AEA9IDC9BGC9DHC');
Insert into PATENT (APP_NUM,NAME,PATENT_TYPE,CLASS_CODE,DESIGNER_ID,PATENTEE_NAME,PROPOSER_NAME,PLACE_CODE,APP_DATE,PUBLIC_NUM,ABSTRACT,MAIN_CLAIM,CLAIM,AGE,IS_VALID,LINK) values ('CN111653912A','网络靶场实战演练场景的操作机调度系统与方法',0,'B60L53/45??','12','快客智能装备有限公司','吉林省塑料研究有限公司','310000',to_date('14-2月 -19','DD-MON-RR'),'CN111651702A','本实用新型涉及转子式压缩机领域，是一种降低压缩机吐油量的围挡结构，排气管下方、上盖组件内部焊接有金属围挡，金属围挡上设置两个焊接点，金属围挡上还设置两个通孔，通孔的位置远离排气管；金属围挡为矩形结构，其中三边设置有翻边结构；本实用新型的优点是该围挡结构能够有效控制冷冻机油的大量排出，上盖组件内焊接油挡板，对冷冻机油的排出路径进行半封闭遮挡，有效降低压缩机的吐油量。','1.一种分布式液位平衡型竖向阻尼器，其特征在于，包括至少两个第一水箱(10)、至少一个第二水箱(20)、用于连通相邻第一水箱(10)和第二水箱(20)的液位平衡连通管(30)；所述第一水箱(10)顶部设有调压孔(60)，所述第一水箱(10)内设置有至少一个挡板(40)，所述挡板(40)通过固定组件(50)固定在第一水箱(10)上；所述第二水箱(20)顶部设置有密闭空气室(70)。','1.一种分布式液位平衡型竖向阻尼器，其特征在于，包括至少两个第一水箱(10)、至少一个第二水箱(20)、用于连通相邻第一水箱(10)和第二水箱(20)的液位平衡连通管(30)；所述第一水箱(10)顶部设有调压孔(60)，所述第一水箱(10)内设置有至少一个挡板(40)，所述挡板(40)通过固定组件(50)固定在第一水箱(10)上；所述第二水箱(20)顶部设置有密闭空气室(70)。',1,'1','http://cprs.patentstar.com.cn/Search/Detail?ANE=6CCA9IHG9DFB9EFA9EIE8FDA9DIH8GBA9IBH9ADD9CGHABHA');
Insert into PATENT (APP_NUM,NAME,PATENT_TYPE,CLASS_CODE,DESIGNER_ID,PATENTEE_NAME,PROPOSER_NAME,PLACE_CODE,APP_DATE,PUBLIC_NUM,ABSTRACT,MAIN_CLAIM,CLAIM,AGE,IS_VALID,LINK) values ('CN111653913A','溅射镀膜方法、装置及系统',1,'B60L53/46??','12','快客智能装备有限公司','吉林省塑料研究有限公司','310000',to_date('15-2月 -19','DD-MON-RR'),'CN111651703A','本实用新型公开了一种高速列车牵引电机轴电流传感器支架结构，具体为：将背面外壳和支架设计为一个整体，即背面外壳及支架联合体；将电流传感器设计成完全分开的两个部分，即正面外壳和背面外壳及支架联合体分成两部分，通过螺栓将支架结构与齿轮箱端盖进行连接，将支架结构固定在齿轮箱端盖上，通过螺栓将支架结构的上下两部分进行连接，解决了电流传感器安装固定的问题。本实用新型安装过程简单、使用方便、稳定性好、安全性高。','1.一种测试混凝土开裂情况下焊钉抗剪性能的试验方法，其特征在于，包括以下步骤：(1)把试件放置到试验框架中；试件包括工字型混凝土试件和钢结构，所述工字型混凝土试件包括上翼缘块体、下翼缘块体和腹板块体，所述工字型混凝土试件的腹板块体的前后侧设置有所述钢结构，所述钢结构与所述工字型混凝土试件之间通过焊钉连接，所述腹板块体上设置有横向刻槽；(2)在工字型混凝土试件的上翼缘块体和下翼缘块体之间放置千斤顶，然后同步对称施加压力，使得每一个千斤顶的上、下端分别与上翼缘块体的下表面和下翼缘块体的上表面接触顶紧，千斤顶继续施加压力使得腹板块体沿着刻槽的位置发生开裂，得到开展状态的混凝土，根据裂缝宽度需要的大小调整好千斤顶的力，并进行锁定保持该力不变；(3)所述试验框架内设置有上平台和下平台，所述上平台设置于所述工字型混凝土试件的顶部，所述下平台设置于所述工字型混凝土试件的底部，所述上平台与所述上翼缘块体之间留有竖向空间，所述上平台与所述试验框架的上横梁之间设置有竖向加载油缸，两个所述钢结构底部悬空，两个所述钢结构的顶端凸出于所述上翼缘块体的顶端面，竖向加载油缸通过上平台对钢结构施加压力，直到焊钉被剪断为止，得到焊钉的抗剪承载力。','1.一种测试混凝土开裂情况下焊钉抗剪性能的试验方法，其特征在于，包括以下步骤：(1)把试件放置到试验框架中；试件包括工字型混凝土试件和钢结构，所述工字型混凝土试件包括上翼缘块体、下翼缘块体和腹板块体，所述工字型混凝土试件的腹板块体的前后侧设置有所述钢结构，所述钢结构与所述工字型混凝土试件之间通过焊钉连接，所述腹板块体上设置有横向刻槽；(2)在工字型混凝土试件的上翼缘块体和下翼缘块体之间放置千斤顶，然后同步对称施加压力，使得每一个千斤顶的上、下端分别与上翼缘块体的下表面和下翼缘块体的上表面接触顶紧，千斤顶继续施加压力使得腹板块体沿着刻槽的位置发生开裂，得到开展状态的混凝土，根据裂缝宽度需要的大小调整好千斤顶的力，并进行锁定保持该力不变；(3)所述试验框架内设置有上平台和下平台，所述上平台设置于所述工字型混凝土试件的顶部，所述下平台设置于所述工字型混凝土试件的底部，所述上平台与所述上翼缘块体之间留有竖向空间，所述上平台与所述试验框架的上横梁之间设置有竖向加载油缸，两个所述钢结构底部悬空，两个所述钢结构的顶端凸出于所述上翼缘块体的顶端面，竖向加载油缸通过上平台对钢结构施加压力，直到焊钉被剪断为止，得到焊钉的抗剪承载力。',1,'1','http://cprs.patentstar.com.cn/Search/Detail?ANE=9IDE9IDC9IFG9HEC9DFA8GCAEIIA9GHGCHHA2ACA9HCBBCIA');
Insert into PATENT (APP_NUM,NAME,PATENT_TYPE,CLASS_CODE,DESIGNER_ID,PATENTEE_NAME,PROPOSER_NAME,PLACE_CODE,APP_DATE,PUBLIC_NUM,ABSTRACT,MAIN_CLAIM,CLAIM,AGE,IS_VALID,LINK) values ('CN111653914A','一种基于5g通讯的工地安防组件',1,'B60L53/47??','12','快客智能装备有限公司','吉林省塑料研究有限公司','310000',to_date('16-2月 -19','DD-MON-RR'),'CN111651704A','本发明公开了一种户外密封防洪5G通信机柜，包括外柜体和设置在外柜体内侧的机柜元件，所述外柜体的内侧固定连接有内柜体，且内柜体与外柜体间设置有间隙，所述外柜体的外端面安装有外密封门，所述内柜体的外端面安装有内密封门，所述外柜体的外端面安装有液位传感器，所述外柜体的外端面靠近液位传感器的外侧安装有防雨罩。本发明中，首先，采用洪涝自漂浮结构，由此提升了通信机柜的防洪性能，其次，采用密封金属传导式降温，通过内柜体内壁与内柜体内空气进行热交换，从而对内柜体内侧进行散热，提升了通信机柜的散热效果，最后，采用全密封式防水降温结构，由此提升了通信机柜的安全性。','?1.一种荧光标记的人三阴性乳腺癌骨转移细胞株，其特征在于通过下述的方法制备而成：1）一个培养人源三阴性乳腺癌细胞MDA-MB-231的步骤；2）扩增含有红色荧光蛋白RFP的慢病毒载体，利用慢病毒转染细胞的方法，转染MDA-MB-231细胞，制备含有红色荧光标记的MDA-MB-231细胞；3）通过流式细胞仪分选，获得红色荧光RFP-MDA-MB-231细胞；4）将RFP-MDA-MB-231细胞移植到裸鼠第四对乳腺脂肪垫位置，然后进行哺育4-6周成瘤；5）肿瘤直径达到0.8-1.2cm时，处死裸鼠，解剖，取后肢胫骨，无菌环境下，用PH7.4的1xPBS缓冲溶液冲取骨髓，再采用胶原酶消化，获得骨髓来源单细胞，体外培养扩增；6）利用流式细胞分析仪，检测并分选从乳腺肿瘤转移到骨的红色荧光乳腺癌细胞，体外培养扩增，作为P1代乳腺癌骨转移细胞；7）扩增P1代乳腺癌骨转移细胞，移植裸鼠，重复上述第4-第6步，获得P2代乳腺癌骨转移细胞；8）扩增P2代乳腺癌骨转移细胞，移植裸鼠，重复上述第4-第6步，获得P3代乳腺癌骨转移细胞；9）通过上述三轮的裸鼠体内成瘤筛选，得到红色荧光标记的MDA-MB-231人三阴性乳腺癌骨转移细胞株。','?1.一种荧光标记的人三阴性乳腺癌骨转移细胞株，其特征在于通过下述的方法制备而成：1）一个培养人源三阴性乳腺癌细胞MDA-MB-231的步骤；2）扩增含有红色荧光蛋白RFP的慢病毒载体，利用慢病毒转染细胞的方法，转染MDA-MB-231细胞，制备含有红色荧光标记的MDA-MB-231细胞；3）通过流式细胞仪分选，获得红色荧光RFP-MDA-MB-231细胞；4）将RFP-MDA-MB-231细胞移植到裸鼠第四对乳腺脂肪垫位置，然后进行哺育4-6周成瘤；5）肿瘤直径达到0.8-1.2cm时，处死裸鼠，解剖，取后肢胫骨，无菌环境下，用PH7.4的1xPBS缓冲溶液冲取骨髓，再采用胶原酶消化，获得骨髓来源单细胞，体外培养扩增；6）利用流式细胞分析仪，检测并分选从乳腺肿瘤转移到骨的红色荧光乳腺癌细胞，体外培养扩增，作为P1代乳腺癌骨转移细胞；7）扩增P1代乳腺癌骨转移细胞，移植裸鼠，重复上述第4-第6步，获得P2代乳腺癌骨转移细胞；8）扩增P2代乳腺癌骨转移细胞，移植裸鼠，重复上述第4-第6步，获得P3代乳腺癌骨转移细胞；9）通过上述三轮的裸鼠体内成瘤筛选，得到红色荧光标记的MDA-MB-231人三阴性乳腺癌骨转移细胞株。',1,'1','http://cprs.patentstar.com.cn/Search/Detail?ANE=8ECA1ABA2AAA7EDA9GDB5FAA9HBD9DBD9EID4ABAAAIA3BAA');
Insert into PATENT (APP_NUM,NAME,PATENT_TYPE,CLASS_CODE,DESIGNER_ID,PATENTEE_NAME,PROPOSER_NAME,PLACE_CODE,APP_DATE,PUBLIC_NUM,ABSTRACT,MAIN_CLAIM,CLAIM,AGE,IS_VALID,LINK) values ('CN111653915A','一种数控机床旋转型喷水器',1,'B60L53/48??','13','快客智能装备有限公司','吉林省塑料研究有限公司','310000',to_date('17-2月 -19','DD-MON-RR'),'CN111651705A','本申请公开了一种基于阶梯式四脊的宽带喇叭天线，包括圆锥喇叭、阶梯式四脊、底部支撑块和馈电同轴线。圆锥喇叭包括直波导段和喇叭段。喇叭段的截面积较大的一端为圆形与两个相互正交的圆柱体相交所得的四段椭圆弧段相连；喇叭段的侧壁上开有四个依次间隔90°的通孔一。阶梯式四脊为四个脊板相互正交构成的一个十字结构；每个脊板包括多段高度相同、宽度依次递减的金属板依次相连呈阶梯状，并开有通孔二，还包括一段外脊线呈曲线的金属板。底部支撑块为四个矩形块相互正交组成十字结构。馈电同轴线有四根，穿过圆锥喇叭上的四个依次间隔90°的通孔三，用于电性连接阶梯式四脊的四个脊板。本申请实现了超宽带、高端口隔离度和高交叉极化隔离度。','?1.一种带自封袋的试剂瓶，包括瓶体，及用于封盖瓶体上端瓶口的瓶盖，其特征在于：所述瓶体的外壁固定有储袋仓，储袋仓内存放有自封袋，储袋仓上开设有用于抽出自封袋的仓口，所述自封袋的袋口边缘部位从储袋仓的仓口伸出；所述瓶盖上设有可转动的转杆，转杆上设有一个软质连接带，软质连接带的一端与转杆固接，软质连接带的另一端与自封袋的袋口边缘部固接。','?1.一种带自封袋的试剂瓶，包括瓶体，及用于封盖瓶体上端瓶口的瓶盖，其特征在于：所述瓶体的外壁固定有储袋仓，储袋仓内存放有自封袋，储袋仓上开设有用于抽出自封袋的仓口，所述自封袋的袋口边缘部位从储袋仓的仓口伸出；所述瓶盖上设有可转动的转杆，转杆上设有一个软质连接带，软质连接带的一端与转杆固接，软质连接带的另一端与自封袋的袋口边缘部固接。',1,'3','http://cprs.patentstar.com.cn/Search/Detail?ANE=8ECA1ABA2AAA7EDA9GDB5FAA9HBD9DBD9EID4ABAAAIA3BAA');
Insert into PATENT (APP_NUM,NAME,PATENT_TYPE,CLASS_CODE,DESIGNER_ID,PATENTEE_NAME,PROPOSER_NAME,PLACE_CODE,APP_DATE,PUBLIC_NUM,ABSTRACT,MAIN_CLAIM,CLAIM,AGE,IS_VALID,LINK) values ('CN111653916A','数据传输方法、系统、电子设备及存储介质',1,'B60L53/49??','13','快客智能装备有限公司','吉林省塑料研究有限公司','310000',to_date('18-2月 -19','DD-MON-RR'),'CN111651706A','本发明公开了充电桩技术领域的一种接触式自屏蔽的防暴雨充电桩，包括充电桩，充电桩的顶部固定安装有承雨箱，充电桩的侧壁开设有充电插孔，充电插孔的侧壁设置有侧腔，侧腔的内腔滑动设置有遮雨板，遮雨板底端侧壁固定安装有两组底端连接块，底端连接块的顶部固定安装有长弹簧，长弹簧的顶部与侧腔的顶端固定连接，侧腔的上方设置有安装腔，安装腔的内腔固定安装有两组电磁铁，电磁铁与遮雨板磁性配合，承雨箱的底部设置有圆筒腔，圆筒腔的底部固定安装有复位弹簧，圆筒腔的内腔滑动配合有水盖板，本装置能够防止暴雨的倾袭，对充电插孔进行保护，在下暴雨的时候自动打开防护，便于控制，具有良好的市场前景。','1.一种左室假腱索植入系统，其特征在于，所述的左室假腱索植入系统包括固定片、动脉导管未闭封堵器、人工腱索、细钢丝；所述的人工腱索前后两端分别与固定片和动脉导管未闭封堵器连接；所述的细钢丝固定设于人工腱索末端表面位置。','1.一种左室假腱索植入系统，其特征在于，所述的左室假腱索植入系统包括固定片、动脉导管未闭封堵器、人工腱索、细钢丝；所述的人工腱索前后两端分别与固定片和动脉导管未闭封堵器连接；所述的细钢丝固定设于人工腱索末端表面位置。',1,'1','http://cprs.patentstar.com.cn/Search/Detail?ANE=7CDA9GHE7FAA7DEA6BEA9HFD5BAAAEFADIEA9BCD9EFCBHGA');
Insert into PATENT (APP_NUM,NAME,PATENT_TYPE,CLASS_CODE,DESIGNER_ID,PATENTEE_NAME,PROPOSER_NAME,PLACE_CODE,APP_DATE,PUBLIC_NUM,ABSTRACT,MAIN_CLAIM,CLAIM,AGE,IS_VALID,LINK) values ('CN111653917A','一种基于无线通信网络的电子信息采集方法',1,'B60L53/50??','13','快客智能装备有限公司','吉林省塑料研究有限公司','310000',to_date('19-2月 -19','DD-MON-RR'),'CN111651707A','本实用新型涉及一种温度自动校准仪，包括底座和罩壳，罩壳盖设在底座上，底座顶端安装有线路板和金属插座，金属插座一端伸出罩壳外；罩壳顶端开设有两个通孔，通孔处设置有接线柱，不锈钢网的两端分别套设在接线柱顶部，不锈钢网中部安装有温度传感器；两个接线柱底部均插入罩壳内，其中一接线柱底部设置在支撑柱内，支撑柱贯穿安装在顶杆上，顶杆一端与L型挡板相抵，其另一端连接有导杆，导杆上套设有弹簧，弹簧一端与顶杆相抵，其另一端卡设在压线板上。通过将电焊笔放置于温度传感器上，再通过与金属插座连接的监测设备显示，可将电焊笔的温度控制在适合焊接的范围内，避免电路板损坏，提高焊接效果。','?1.一种移动式灯具，其特征在于，包括：光源结构，所述光源结构活动覆盖于位于目标部件所在的目标区域；且所述目标部件穿过所述光源结构可视化呈现；第一导轨，所述第一导轨设于所述光源结构的一侧；驱动结构，所述驱动结构滑动连接于所述第一导轨；所述驱动结构带动所述光源结构沿所述第一导轨移动，以调整所述光源结构在所述目标区域所在平面的投影与所述目标区域的相对位置。','?1.一种移动式灯具，其特征在于，包括：光源结构，所述光源结构活动覆盖于位于目标部件所在的目标区域；且所述目标部件穿过所述光源结构可视化呈现；第一导轨，所述第一导轨设于所述光源结构的一侧；驱动结构，所述驱动结构滑动连接于所述第一导轨；所述驱动结构带动所述光源结构沿所述第一导轨移动，以调整所述光源结构在所述目标区域所在平面的投影与所述目标区域的相对位置。',1,'1','http://cprs.patentstar.com.cn/Search/Detail?ANE=9IFG7BGA9DFB9IIH9FHE8DFA9ICG7EDA9HFF9IFG9DHF9DDA');
Insert into PATENT (APP_NUM,NAME,PATENT_TYPE,CLASS_CODE,DESIGNER_ID,PATENTEE_NAME,PROPOSER_NAME,PLACE_CODE,APP_DATE,PUBLIC_NUM,ABSTRACT,MAIN_CLAIM,CLAIM,AGE,IS_VALID,LINK) values ('CN111653918A','一种杆塔位移监测装置',1,'B60L53/51??','13','快客智能装备有限公司','吉林省塑料研究有限公司','310000',to_date('20-2月 -19','DD-MON-RR'),'CN111651708A','本申请提供一种排污行为的异常检测系统及方法、电子设备、计算机可读存储介质，该系统包括：流量传感器，用于检测目标企业的用水参数；电量传感器，用于检测目标企业内指定生产设备的用电参数；客户端设备，连接流量传感器，从流量传感器接收用水参数，以及，连接电量传感器，从电量传感器接收用电参数；服务端设备，连接客户端设备，用于基于用水参数和用电参数，确定目标企业在指定时段的实际耗水量和指定生产设备的用电量；将用电量作为耗水量模型的输入，获得耗水量模型输出的指定时段的预测耗水量；计算实际耗水量与预测耗水量之间的差异率；判断差异率是否大于预设差异阈值，若是，确定目标企业的排污行为存在异常。','?1.一种基于深度视频事件补全的视频数据异常识别方法，其特征在于，所述方法包括：获取当前视频帧中前景目标所在的前景目标区域，从包括当前视频帧的预设长度的视频帧序列中，获取每个视频帧在所述前景目标区域的图像数据，根据得到的图像数据序列生成视频事件数据；从所述视频事件数据的所述图像数据序列中抽除预设数量的图像数据，得到对应的不完整视频事件数据，将所述不完整视频事件数据输入预先训练的深度视频事件补全模型，得到对应的外观补全图像数据和运动信息补全数据；所述深度视频事件补全模型包括基于深度神经网络的外观补全网络和运动补全网络；根据被抽除的所述图像数据和所述外观补全图像数据之间的误差，以及根据被抽除的所述图像数据的运动信息数据和所述运动信息补全数据之间的误差，识别所述视频事件数据中的异常。','?1.一种基于深度视频事件补全的视频数据异常识别方法，其特征在于，所述方法包括：获取当前视频帧中前景目标所在的前景目标区域，从包括当前视频帧的预设长度的视频帧序列中，获取每个视频帧在所述前景目标区域的图像数据，根据得到的图像数据序列生成视频事件数据；从所述视频事件数据的所述图像数据序列中抽除预设数量的图像数据，得到对应的不完整视频事件数据，将所述不完整视频事件数据输入预先训练的深度视频事件补全模型，得到对应的外观补全图像数据和运动信息补全数据；所述深度视频事件补全模型包括基于深度神经网络的外观补全网络和运动补全网络；根据被抽除的所述图像数据和所述外观补全图像数据之间的误差，以及根据被抽除的所述图像数据的运动信息数据和所述运动信息补全数据之间的误差，识别所述视频事件数据中的异常。',1,'1','http://cprs.patentstar.com.cn/Search/Detail?ANE=9BGA6CEA3ABA1ABA7CEA9HGE9CEBBGDABGEA9FDB9FBD4BBA');
Insert into PATENT (APP_NUM,NAME,PATENT_TYPE,CLASS_CODE,DESIGNER_ID,PATENTEE_NAME,PROPOSER_NAME,PLACE_CODE,APP_DATE,PUBLIC_NUM,ABSTRACT,MAIN_CLAIM,CLAIM,AGE,IS_VALID,LINK) values ('CN111653919A','带菜单式调节图形用户界面的显示屏幕面板',1,'B60L53/52??','14','快客智能装备有限公司','吉林省塑料研究有限公司','310000',to_date('21-2月 -19','DD-MON-RR'),'CN111651709A','本申请提供一种处警辅助方法及装置、电子设备、计算机可读存储介质，方法包括：获取报警数据；其中，所述报警数据包括报警人的手机号、警情信息；基于所述手机号向所述报警人的第一终端设备发送定位请求短信；其中，所述定位请求短信包括定位超链接和定位提示消息；获取所述第一终端设备访问所述定位超链接对应的网页时上报的第一位置信息；向指定处警人员的第二终端设备发送处警任务信息；其中，所述处警任务信息包括所述第一位置信息和所述警情信息。本申请实施例减少了在接警过程和寻找报警地点时耗费的时间，有效提高了处警效率。','1.一种云网融合环境下基于智能信息推荐的消息推送方法，其特征在于，应用于与用户终端通信连接的服务器，所述方法包括：获取所述用户终端的当前匹配空间道路；根据所述当前匹配空间道路从服务器中查询匹配的目标信息推荐区域，基于所述目标信息推荐区域计算并提取所述用户终端的推送特征参数，并根据所述推送特征参数确定所述用户终端的推送消息序列；根据所述用户终端的推送消息序列对所述用户终端进行特定消息推送；所述计算并提取的所述用户终端的推送特征参数，并根据所述推送特征参数确定所述用户终端的推送消息序列的步骤，包括：计算所述当前匹配空间道路在所述目标信息推荐区域中的推送预测距离；获取所述当前匹配空间道路所在道路网络对于携带所述用户终端的出行人的熟悉度以及出行人的当前行走速度；根据所述熟悉度和所述当前行走速度计算所述出行人的理论行走速度，并根据所述理论行走速度和所述推送预测距离计算所述出行人在所述目标信息推荐区域中的总推送时长；从预先配置的特定消息数据库中获取与所述总推送时长匹配的多个待推送特定消息，并分别确定每个待推送特定消息的推送时长、推送状态、推送优先级以及推送强度，作为所述用户终端对应的每个待推送特定消息的推送特征参数；将每个待推送特定消息以及每个待推送特定消息的推送特征参数进行关联映射并排列，得到所述用户终端的推送消息序列。','1.一种云网融合环境下基于智能信息推荐的消息推送方法，其特征在于，应用于与用户终端通信连接的服务器，所述方法包括：获取所述用户终端的当前匹配空间道路；根据所述当前匹配空间道路从服务器中查询匹配的目标信息推荐区域，基于所述目标信息推荐区域计算并提取所述用户终端的推送特征参数，并根据所述推送特征参数确定所述用户终端的推送消息序列；根据所述用户终端的推送消息序列对所述用户终端进行特定消息推送；所述计算并提取的所述用户终端的推送特征参数，并根据所述推送特征参数确定所述用户终端的推送消息序列的步骤，包括：计算所述当前匹配空间道路在所述目标信息推荐区域中的推送预测距离；获取所述当前匹配空间道路所在道路网络对于携带所述用户终端的出行人的熟悉度以及出行人的当前行走速度；根据所述熟悉度和所述当前行走速度计算所述出行人的理论行走速度，并根据所述理论行走速度和所述推送预测距离计算所述出行人在所述目标信息推荐区域中的总推送时长；从预先配置的特定消息数据库中获取与所述总推送时长匹配的多个待推送特定消息，并分别确定每个待推送特定消息的推送时长、推送状态、推送优先级以及推送强度，作为所述用户终端对应的每个待推送特定消息的推送特征参数；将每个待推送特定消息以及每个待推送特定消息的推送特征参数进行关联映射并排列，得到所述用户终端的推送消息序列。',1,'1','http://cprs.patentstar.com.cn/Search/Detail?ANE=9CID4EAA9FFD9HCA3CAA7DEA9CDB9DGA9FDC9BHD9EDH9AFD');
Insert into PATENT (APP_NUM,NAME,PATENT_TYPE,CLASS_CODE,DESIGNER_ID,PATENTEE_NAME,PROPOSER_NAME,PLACE_CODE,APP_DATE,PUBLIC_NUM,ABSTRACT,MAIN_CLAIM,CLAIM,AGE,IS_VALID,LINK) values ('CN111653920A','一种用于远程控制系统或列控系统的切换装置及切换方法',1,'B60L53/53??','14','快客智能装备有限公司','吉林省塑料研究有限公司','310000',to_date('22-2月 -19','DD-MON-RR'),'CN111651710A','本公开提供了一种语音处理方法、装置、计算机存储介质和电子设备，涉及人工智能领域。该方法包括：获取与语音信号对应的多个语音特征信息；将所述语音特征信息输入至声学模型，通过所述声学模型对各所述语音特征信息进行特征提取，以获取与各所述语音特征信息对应的状态信息，所述声学模型具有隐层跳层连接结构和基于卷积神经网络的记忆单元；根据与各所述语音特征信息对应的状态信息确定与所述语音信号对应的文本信息。本公开可以提高语音识别的精准度和效率。','?1.一种基于深度视频事件补全的视频数据异常识别方法，其特征在于，所述方法包括：获取当前视频帧中前景目标所在的前景目标区域，从包括当前视频帧的预设长度的视频帧序列中，获取每个视频帧在所述前景目标区域的图像数据，根据得到的图像数据序列生成视频事件数据；从所述视频事件数据的所述图像数据序列中抽除预设数量的图像数据，得到对应的不完整视频事件数据，将所述不完整视频事件数据输入预先训练的深度视频事件补全模型，得到对应的外观补全图像数据和运动信息补全数据；所述深度视频事件补全模型包括基于深度神经网络的外观补全网络和运动补全网络；根据被抽除的所述图像数据和所述外观补全图像数据之间的误差，以及根据被抽除的所述图像数据的运动信息数据和所述运动信息补全数据之间的误差，识别所述视频事件数据中的异常。','?1.一种基于深度视频事件补全的视频数据异常识别方法，其特征在于，所述方法包括：获取当前视频帧中前景目标所在的前景目标区域，从包括当前视频帧的预设长度的视频帧序列中，获取每个视频帧在所述前景目标区域的图像数据，根据得到的图像数据序列生成视频事件数据；从所述视频事件数据的所述图像数据序列中抽除预设数量的图像数据，得到对应的不完整视频事件数据，将所述不完整视频事件数据输入预先训练的深度视频事件补全模型，得到对应的外观补全图像数据和运动信息补全数据；所述深度视频事件补全模型包括基于深度神经网络的外观补全网络和运动补全网络；根据被抽除的所述图像数据和所述外观补全图像数据之间的误差，以及根据被抽除的所述图像数据的运动信息数据和所述运动信息补全数据之间的误差，识别所述视频事件数据中的异常。',1,'1','http://cprs.patentstar.com.cn/Search/Detail?ANE=9GGF5FAA9DGC6CEA9ICC9BIA9IDHHIHA8BBA8AGA9FGF7FBA');
Insert into PATENT (APP_NUM,NAME,PATENT_TYPE,CLASS_CODE,DESIGNER_ID,PATENTEE_NAME,PROPOSER_NAME,PLACE_CODE,APP_DATE,PUBLIC_NUM,ABSTRACT,MAIN_CLAIM,CLAIM,AGE,IS_VALID,LINK) values ('CN111653921A','一种动态多精度神经网络加速单元',1,'B60L53/54??','14','快客智能装备有限公司','吉林省塑料研究有限公司','310000',to_date('23-2月 -19','DD-MON-RR'),'CN111651711A','本发明公开了基于梯度方向约束的边缘跟踪直线段快速检测装置及方法，该方法包括：获得图像的单像素的边缘点；根据梯度的约束，当且仅当搜索到的相邻边缘点的梯度切向与已经跟踪到的直线段的延伸方向的差值小于阈值时才对相邻边缘点进行连接，获得直线段；对得到的初始直线段，即边缘段，求出其两个端点间的距离l与边缘段上的各点到连接两个端点的直线间的最大距离d之间的比值，该比值表征该边缘段作为直线的显著程度，判断该边缘段是否应作为曲线段而被分割为多个直线段；以及进行直线段判定，剔除虚假直线段。本发明进行直线段检测的速度快，对不同的图像尺度和对比度水平的适应能力强。','1.一种波纹钢板墙混合连接节点，波纹钢板墙包括波纹钢板(1)、竖向边缘构件(2)、水平T形鱼尾板(4)；所述竖向边缘构件(2)分别焊接在所述波纹钢板(1)的左右两侧；所述水平T形鱼尾板(4)通过翼缘板分别焊接在所述波纹钢板(1)的上下两侧；框架梁(3)位于所述波纹钢板墙的上下两侧；其特征在于：所述竖向边缘构件(2)与所述框架梁(3)采用销轴连接，所述水平T形鱼尾板(4)与所述框架梁(3)采用螺栓连接。','1.一种波纹钢板墙混合连接节点，波纹钢板墙包括波纹钢板(1)、竖向边缘构件(2)、水平T形鱼尾板(4)；所述竖向边缘构件(2)分别焊接在所述波纹钢板(1)的左右两侧；所述水平T形鱼尾板(4)通过翼缘板分别焊接在所述波纹钢板(1)的上下两侧；框架梁(3)位于所述波纹钢板墙的上下两侧；其特征在于：所述竖向边缘构件(2)与所述框架梁(3)采用销轴连接，所述水平T形鱼尾板(4)与所述框架梁(3)采用螺栓连接。',1,'1','http://cprs.patentstar.com.cn/Search/Detail?ANE=9HFF9DHB9CGB6GAA5AEA9HIG9EBBEGGA9EGF9CFC9FGF9FIG');
Insert into PATENT (APP_NUM,NAME,PATENT_TYPE,CLASS_CODE,DESIGNER_ID,PATENTEE_NAME,PROPOSER_NAME,PLACE_CODE,APP_DATE,PUBLIC_NUM,ABSTRACT,MAIN_CLAIM,CLAIM,AGE,IS_VALID,LINK) values ('CN111653922A','可对外供电的高速数据卸载设备',1,'B60L53/55??','14','快客智能装备有限公司','吉林省塑料研究有限公司','310000',to_date('24-2月 -19','DD-MON-RR'),'CN111651712A','本公开的实施例涉及用于消息分发的方法、电子设备和计算机存储介质，涉及信息处理领域。根据该方法，从订阅方设备接收消息订阅请求，消息订阅请求包括订阅主题、订阅标签和消息格式转换规则；生成订阅主题、订阅标签、消息格式转换规则和订阅方设备之间的第一关联；如果确定从发送方设备接收到包括第一主题和第一标签的第一消息，基于第一关联，确定与第一主题和第一标签相关联的第一订阅方设备；基于与第一订阅方设备相关联的消息格式转换规则和第一消息，生成第二消息；以及向第一订阅方设备发送第二消息。由此，基于消息订阅请求中的消息格式转换规则将符合订阅主题和订阅标签的消息转换后发送给订阅方，提高消息格式转换的效率和灵活性。','1.一种分布式液位平衡型竖向阻尼器，其特征在于，包括至少两个第一水箱(10)、至少一个第二水箱(20)、用于连通相邻第一水箱(10)和第二水箱(20)的液位平衡连通管(30)；所述第一水箱(10)顶部设有调压孔(60)，所述第一水箱(10)内设置有至少一个挡板(40)，所述挡板(40)通过固定组件(50)固定在第一水箱(10)上；所述第二水箱(20)顶部设置有密闭空气室(70)。','1.一种分布式液位平衡型竖向阻尼器，其特征在于，包括至少两个第一水箱(10)、至少一个第二水箱(20)、用于连通相邻第一水箱(10)和第二水箱(20)的液位平衡连通管(30)；所述第一水箱(10)顶部设有调压孔(60)，所述第一水箱(10)内设置有至少一个挡板(40)，所述挡板(40)通过固定组件(50)固定在第一水箱(10)上；所述第二水箱(20)顶部设置有密闭空气室(70)。',1,'3','http://cprs.patentstar.com.cn/Search/Detail?ANE=6CCA9GHE7CDA9HCA7DDA8BHA9DDC9AFD9IDH9BHF3BAA9HEC');
Insert into PATENT (APP_NUM,NAME,PATENT_TYPE,CLASS_CODE,DESIGNER_ID,PATENTEE_NAME,PROPOSER_NAME,PLACE_CODE,APP_DATE,PUBLIC_NUM,ABSTRACT,MAIN_CLAIM,CLAIM,AGE,IS_VALID,LINK) values ('CN111653923A','车载双屏多媒体动态调频方法',0,'B60L53/56??','14','快客智能装备有限公司','吉林省塑料研究有限公司','310000',to_date('25-2月 -19','DD-MON-RR'),'CN111651713A','本发明公开了一种可对外供电的高速数据卸载设备，包括控制组件、大容量存储组件、接口组件和供电组件；以及可对外供电的高速数据卸载设备的使用方法，包括用户通过控制组件对供电组件、接口组件和大容量存储组件发出控制命令；供电组件解析控制组件发出的供电使能命令后，使相应的三元锂电池对外供电；控制组件通过PCIe接口发送心跳信息查询命令给存储板，接口组件完成PCIe转数据卸载接口功能；本发明能单独给需要卸载数据的存储板供电，同时支持给3个存储板进行供电，无需整个系统上电，节能环保；支持SRIO、GTX、PCIe等多种高速接口。能够支持高达6GB/s以上的数据卸载带宽，减少数据卸载时间，大大减少的卸载时间，提高工作效率。','1.一种无损地由BIM模型构建空间语义数据库的方法，其特征在于，包括步骤如下：初始设置，选择关系型数据库；步骤一：数据库表个数与BIM对象的种类对齐，BIM中有多少类对象，就建立多少张表格；新建表：根据BIM数据的组织规范建立表，表名称和BIM中种类名称保持一致；实现将BIM中所有的对象种类的涵盖；步骤二：数据库表结构与BIM对象的属性对齐；定义表结构字段：根据每类BIM对象的属性描述字段，构建数据库表的字段：字段名称、类型均和BIM对象保持一致；将BIM对象的属性设置为表的字段名；步骤三：数据库表关系与BIM对象间关系对齐；定义表之间关系：将BIM对象的唯一ID，设置为每个表的主键，将BIM对象的父节点ID，设置为表的外键，通过主键、外键配合，实现用关系型数据库描述BIM树状结构；步骤四：数据库表记录与BIM对象的记录对齐，将BIM对象进行入库，将所有BIM对象按照分类存入对应的表中，形成表的记录；将BIM对象按照上述数据库结构进行表记录整理；步骤五：执行建库脚本，进行建库得到无损的BIM空间语义数据库；形成将BIM中每类对象、每个属性都入库，每类对象的关系也通过表之间的关系清晰表达，所有BIM对象属性完整保留，所有BIM对象关系完整保留，BIM的几何表达转换为空间表达，得到同BIM组织架构一样的空间语义数据库的结构；该步骤四中的表记录整理为分别执行几何转换操作和语义保留操作；该几何转换操作为将BIM数据的几何信息进行坐标转换，包括几何表达方式的转换和坐标转换得到地理空间的几何信息。','1.一种无损地由BIM模型构建空间语义数据库的方法，其特征在于，包括步骤如下：初始设置，选择关系型数据库；步骤一：数据库表个数与BIM对象的种类对齐，BIM中有多少类对象，就建立多少张表格；新建表：根据BIM数据的组织规范建立表，表名称和BIM中种类名称保持一致；实现将BIM中所有的对象种类的涵盖；步骤二：数据库表结构与BIM对象的属性对齐；定义表结构字段：根据每类BIM对象的属性描述字段，构建数据库表的字段：字段名称、类型均和BIM对象保持一致；将BIM对象的属性设置为表的字段名；步骤三：数据库表关系与BIM对象间关系对齐；定义表之间关系：将BIM对象的唯一ID，设置为每个表的主键，将BIM对象的父节点ID，设置为表的外键，通过主键、外键配合，实现用关系型数据库描述BIM树状结构；步骤四：数据库表记录与BIM对象的记录对齐，将BIM对象进行入库，将所有BIM对象按照分类存入对应的表中，形成表的记录；将BIM对象按照上述数据库结构进行表记录整理；步骤五：执行建库脚本，进行建库得到无损的BIM空间语义数据库；形成将BIM中每类对象、每个属性都入库，每类对象的关系也通过表之间的关系清晰表达，所有BIM对象属性完整保留，所有BIM对象关系完整保留，BIM的几何表达转换为空间表达，得到同BIM组织架构一样的空间语义数据库的结构；该步骤四中的表记录整理为分别执行几何转换操作和语义保留操作；该几何转换操作为将BIM数据的几何信息进行坐标转换，包括几何表达方式的转换和坐标转换得到地理空间的几何信息。',1,'1','http://cprs.patentstar.com.cn/Search/Detail?ANE=9DFB9IDC9DHD8EEA8HAA9GDA9FCD9CAA9GBD9GAC9AED9FGF');
Insert into PATENT (APP_NUM,NAME,PATENT_TYPE,CLASS_CODE,DESIGNER_ID,PATENTEE_NAME,PROPOSER_NAME,PLACE_CODE,APP_DATE,PUBLIC_NUM,ABSTRACT,MAIN_CLAIM,CLAIM,AGE,IS_VALID,LINK) values ('CN111653924A','一种神经网络模型运算芯片、方法、装置、设备及介质',1,'B60L53/57??','14','快客智能装备有限公司','吉林省塑料研究有限公司','310000',to_date('26-2月 -19','DD-MON-RR'),'CN111651714A','本发明提供一种广角镜头，从物侧到成像面依次由第一透镜、第二透镜、第三透镜、光阑、第四透镜、第五透镜、第六透镜、第七透镜以及滤光片组成；第一透镜满足以下条件式：1.5＜r1/r2＜2.5；?2＜f1/f＜?1；0＜ωD/ωmax＜0.6；2＜LD/Lmax＜3；r1、r2分别表示第一透镜的物侧面和像侧面的曲率半径，f1表示第一透镜的焦距，f表示广角镜头的焦距，ωD表示第一透镜的物侧面边缘口径处的面倾角，ωmax表示第一透镜的物侧面全口径中的最大面倾角，LD表示第一透镜的物侧面边缘口径处的面倾角所在位置的径向长度，Lmax表示第一透镜的物侧面全口径中的最大面倾角所在位置的径向长度。本发明提供的广角镜头体积小、像素高、对远景物体成像更清晰。本发明还提供一种成像设备。','1.一种模型标记方法，其特征在于，包括：获取三维模型，识别所述三维模型的场景信息和待标记部件的部件信息；将所述场景信息和所述部件信息进行二维渲染，生成二维的待标记图像；基于各所述待标记部件在所述待标记图像的分布状态，确定对各所述待标记部件进行标记的标记组件的属性信息；基于所述各所述待标记部件对应的标记组件的属性信息以及所述待标记部件的标记内容，在所述待标记图像中对各所述待标记部件进行标记。','1.一种模型标记方法，其特征在于，包括：获取三维模型，识别所述三维模型的场景信息和待标记部件的部件信息；将所述场景信息和所述部件信息进行二维渲染，生成二维的待标记图像；基于各所述待标记部件在所述待标记图像的分布状态，确定对各所述待标记部件进行标记的标记组件的属性信息；基于所述各所述待标记部件对应的标记组件的属性信息以及所述待标记部件的标记内容，在所述待标记图像中对各所述待标记部件进行标记。',1,'1','http://cprs.patentstar.com.cn/Search/Detail?ANE=9FFD9FEA9CFA7BGA9HCB4DBA7ACADIGA9IDCFIFAAFHA9AIA');
Insert into PATENT (APP_NUM,NAME,PATENT_TYPE,CLASS_CODE,DESIGNER_ID,PATENTEE_NAME,PROPOSER_NAME,PLACE_CODE,APP_DATE,PUBLIC_NUM,ABSTRACT,MAIN_CLAIM,CLAIM,AGE,IS_VALID,LINK) values ('CN111653925A','一种电能计量芯片系统',1,'B60L53/58??','15','快客智能装备有限公司','吉林省塑料研究有限公司','310000',to_date('27-2月 -19','DD-MON-RR'),'CN111651715A','一种实现自动剥离的二氧化钛纳米管。该材料通过一步阳极氧化法制备，阳极为待加工的钛片，阴极为惰性金属，加工电压为U，氧化时间为t，加工温度为T，试剂为含有氟离子的醇溶液，氟离子浓度为ω。该材料可于一步阳极氧化制备过程中在样品、溶液、空气三相接触区域实现多孔层和阻挡层的自动分离，对尺寸为A×B的二氧化钛纳米管样品，自剥离区域宽度为d。自剥离的二氧化钛纳米管可以打碎制成溶液作为吸波涂料。超连续激光以角度θ入射材料自剥离区域时，自剥离区域m个采样点的镜面方向反射率差别较大，相同波长最大反射率差为Δr，且较大反射率区域的反射光场呈现出多重散射特性。本发明在光电传感、隐身材料等领域有重要的应用价值。','1.一种网络桥架内网线理线板结构，其包括网络桥架，其特征在于，所述网络桥架上设置有一块PVC板，所述PVC板上均匀开设置有过线孔，所述过线孔上安装有橡胶环片，所述橡胶环片由两个半圆环片拼合而成，所述半圆环片外周面开设置有卡槽，所述橡胶环片通过所述卡槽卡嵌连接所述过线孔；所述橡胶环片一侧设置有标签插槽。','1.一种网络桥架内网线理线板结构，其包括网络桥架，其特征在于，所述网络桥架上设 置有一块PVC板，所述PVC板上均匀开设置有过线孔，所述过线孔上安装有橡胶环片，所述橡 胶环片由两个半圆环片拼合而成，所述半圆环片外周面开设置有卡槽，所述橡胶环片通过 所述卡槽卡嵌连接所述过线孔；所述橡胶环片一侧设置有标签插槽。',1,'1','http://cprs.patentstar.com.cn/Search/Detail?ANE=9HEE9DGABIIA4AEA9FIF9DGA9IDH9GFG8BBA9EIFDFHA9GEF');
Insert into PATENT (APP_NUM,NAME,PATENT_TYPE,CLASS_CODE,DESIGNER_ID,PATENTEE_NAME,PROPOSER_NAME,PLACE_CODE,APP_DATE,PUBLIC_NUM,ABSTRACT,MAIN_CLAIM,CLAIM,AGE,IS_VALID,LINK) values ('CN111653926A','一种带发送、接收状态控制的主站M_BUS总线接口电路',1,'B60L53/59??','15','快客智能装备有限公司','吉林省塑料研究有限公司','310000',to_date('01-3月 -19','DD-MON-RR'),'CN111651716A','?本申请提供一种触控显示装置，触控显示装置包括有机发光二极管显示面板以及触控组件，有机发光二极管显示面板包括共阴极以及封装层，触控组件包括触控层，封装层位于共阴极和触控层之间，触控层包括多个阵列排布的触控单元，每个触控单元由金属网格组成，每个触控单元中，金属网格的金属面积与每个触控单元的面积的比值百分数大于0%且小于或等于25%。通过对每个触控单元中的金属网格的金属面积占比进行优选，以减小每个触控单元与共阴极之间的寄生电容，从而提高触控显示装置的触控报点率。','?1.一种包含硬装的卫生间自动设计系统，其特征在于：主要包括生成布局模块、划分干湿区模块、生成关注区模块和硬装匹配模块，其中，生成布局模块，用于在目标房间中生成软装家具的布局；划分干湿区模块，用于样板间和目标房间进行干湿区子区域划分；生成关注区模块，用于根据各个家具的位置以及干湿区分区信息，结合样板间中墙、顶、地面上的硬装设计，在样板间和目标房间生成墙面、地面、顶面的硬装面关注区；硬装匹配模块，用于结合样板间关注区中的硬装设计，按照关注区应用到目标房间对应的区域中，并且微调适配房间内布局好的家具。','?1.一种包含硬装的卫生间自动设计系统，其特征在于：主要包括生成布局模块、划分干湿区模块、生成关注区模块和硬装匹配模块，其中，生成布局模块，用于在目标房间中生成软装家具的布局；划分干湿区模块，用于样板间和目标房间进行干湿区子区域划分；生成关注区模块，用于根据各个家具的位置以及干湿区分区信息，结合样板间中墙、顶、地面上的硬装设计，在样板间和目标房间生成墙面、地面、顶面的硬装面关注区；硬装匹配模块，用于结合样板间关注区中的硬装设计，按照关注区应用到目标房间对应的区域中，并且微调适配房间内布局好的家具。',1,'2','http://cprs.patentstar.com.cn/Search/Detail?ANE=7EBA9IDC9GFE7HAA9IDD8EEA9GCE8CCA9EACBIHACIEA5DAA');
Insert into PATENT (APP_NUM,NAME,PATENT_TYPE,CLASS_CODE,DESIGNER_ID,PATENTEE_NAME,PROPOSER_NAME,PLACE_CODE,APP_DATE,PUBLIC_NUM,ABSTRACT,MAIN_CLAIM,CLAIM,AGE,IS_VALID,LINK) values ('CN111653927A','一种动态多精度神经网络加速单元',1,'B60L53/60??','15','快客智能装备有限公司','吉林省塑料研究有限公司','310000',to_date('02-3月 -19','DD-MON-RR'),'CN111651717A','本发明涉及航空发动机领域，尤其是一种灵活、可靠，同时满足修复层力学性能要求的铝合金壳体内孔磨损冷喷涂修复方法，包括：a、将Al和Al2O3粉末按照体积比为4:1进行混合均匀，制备成Al和Al2O3的复合粉末；b、采用气动打磨笔对壳体待修复内孔进行打磨，将所述内孔打磨平整并见金属光泽；c、采用低压冷喷涂的方法对打磨区域进行修复，其中，喷枪与喷涂面的喷涂角度为成30°；d、在喷涂一层后,将喷枪与喷涂面的喷涂角度调整成60°进行喷涂；e、最后，将喷枪与喷涂面的喷涂角度调整成90°进行喷涂；f、对喷涂区域进行磨加工，达到零件尺寸要求后，完成磨损修复。本发明尤其适用于铝合金壳体内孔磨损修复工艺之中。','1.一种复杂索网体系的建模分析方法，其特征在于：采用子结构模态综合法和模型降阶方法，形成索网系统动力特性和动力响应分析的功能。','1.一种复杂索网体系的建模分析方法，其特征在于：采用子结构模态综合法和模型降阶方法，形成索网系统动力特性和动力响应分析的功能。',1,'1','http://cprs.patentstar.com.cn/Search/Detail?ANE=9CGB6GAA9HDD8BHA9GEC6ECA9EAA9GGEAGIA3DAA9AFE8CEA');
Insert into PATENT (APP_NUM,NAME,PATENT_TYPE,CLASS_CODE,DESIGNER_ID,PATENTEE_NAME,PROPOSER_NAME,PLACE_CODE,APP_DATE,PUBLIC_NUM,ABSTRACT,MAIN_CLAIM,CLAIM,AGE,IS_VALID,LINK) values ('CN111653928A','基于ASIP的UWB超宽带接收基带SOC片上系统',1,'B60L53/61??','15','快客智能装备有限公司','吉林省塑料研究有限公司','310000',to_date('03-3月 -19','DD-MON-RR'),'CN111651718A','本实用新型公开一种激光器COB封装电路板，包括激光器，激光器底面设有金属散热层，侧面设有加电电极；导电基板上均匀开设有至少两个安装凹槽，安装凹槽的槽口与激光器对应，金属散热层通过导电胶粘合在安装凹槽的槽底面；接电单元设置在导电基板上，且接电单元一端与加电电极连接，另一端连接电源一极，电源另一极连接导电基板，电源、导电基板、激光器和接电单元配合形成回路。本实用新型导电基板上开设安装凹槽，便于激光器的安装，同时嵌入式安装也有效提高了激光器底面与导电基板的贴合紧密度，导电基板上开设多个安装凹槽，能够在一块导电基板上集成多个激光器，能够有效节约制造COB的成本，并有效提高了测试效率。','?1.一种肢体局部给药和透析设备，其特征在于，包括动脉室腔(1)和静脉室腔(2)；所述动脉室腔(1)和静脉室腔(2)为通过连接组件连接的盒体，其中，所述连接组件设置于动脉室腔(1)和静脉室腔(2)之间，所述动脉室腔(1)包括盒体一(3)和盒盖一(4)，所述盒体一(3)前端一侧壁上开设有两个线性阵列的开口槽(301)，所述开口槽(301)底部开设有第一安置槽(302)，所述第一安置槽(302)前端侧壁上开设有滑动槽(303)，所述滑动槽(303)贯穿第一安置槽(302)；所述第一安置槽(302)内滑动设置有封口块(5)，封口块(5)上固定连接有滑动把手(501)，滑动把手(501)与滑动槽(303)相互配合；所述盒体一(3)前端另一侧壁上还开设有楔入口(304)；所述盒盖一(4)一侧壁上开设有两个楔口槽(8)，所述盒盖一(4)另一侧固定连接有卡块(9)，卡块(9)上开设有螺栓孔(901)，所述卡块(9)与楔入口(304)相互配合，卡块(9)通过螺栓和螺栓孔(901)固定在楔入口(304)上；所述静脉室腔(2)包括盒体二(6)和盒盖二(7)；其中盒体二(6)与盒体一(3)相邻紧贴设置，且盒体二(6)与盒体一(3)的前端呈镜像设置；前端为盒盖一(4)和盒盖二(7)所在端，且盒盖一(4)和盒盖二(7)上的结构呈镜像设置；盒体一(3)和盒体二(6)通过镜像设置的开口槽(301)内安放的连接组件连接，连接组件包括镜像设置的两个L形块(10)，L形块(10)前端侧壁设置有贯穿本体的第一通孔(1001)，第一通孔(1001)内设置活动槽(1002)，活动槽(1002)与第一通孔(1001)同轴设置，且活动槽(1002)内径大于第一通孔(1001)内径；所述活动槽(1002)内滑动设置有限位圆块(11)，限位圆块(11)通过连接柱(1101)固定连接有限位圆块二(1102)；限位圆块(11)和限位圆块二(1102)分别位于两端L形块(10)的活动槽(1002)内，且连接柱(1101)与第一通孔(1101)相互配合；连接柱(1101)上还套接有复位弹簧，复位弹簧固定连接在两个L形块(10)之间；所述L形块(10)一侧还开设有滑动倒角(12)；楔口槽(8)与L形块(10)相互配合。','?1.一种肢体局部给药和透析设备，其特征在于，包括动脉室腔(1)和静脉室腔(2)；所述动脉室腔(1)和静脉室腔(2)为通过连接组件连接的盒体，其中，所述连接组件设置于动脉室腔(1)和静脉室腔(2)之间，所述动脉室腔(1)包括盒体一(3)和盒盖一(4)，所述盒体一(3)前端一侧壁上开设有两个线性阵列的开口槽(301)，所述开口槽(301)底部开设有第一安置槽(302)，所述第一安置槽(302)前端侧壁上开设有滑动槽(303)，所述滑动槽(303)贯穿第一安置槽(302)；所述第一安置槽(302)内滑动设置有封口块(5)，封口块(5)上固定连接有滑动把手(501)，滑动把手(501)与滑动槽(303)相互配合；所述盒体一(3)前端另一侧壁上还开设有楔入口(304)；所述盒盖一(4)一侧壁上开设有两个楔口槽(8)，所述盒盖一(4)另一侧固定连接有卡块(9)，卡块(9)上开设有螺栓孔(901)，所述卡块(9)与楔入口(304)相互配合，卡块(9)通过螺栓和螺栓孔(901)固定在楔入口(304)上；所述静脉室腔(2)包括盒体二(6)和盒盖二(7)；其中盒体二(6)与盒体一(3)相邻紧贴设置，且盒体二(6)与盒体一(3)的前端呈镜像设置；前端为盒盖一(4)和盒盖二(7)所在端，且盒盖一(4)和盒盖二(7)上的结构呈镜像设置；盒体一(3)和盒体二(6)通过镜像设置的开口槽(301)内安放的连接组件连接，连接组件包括镜像设置的两个L形块(10)，L形块(10)前端侧壁设置有贯穿本体的第一通孔(1001)，第一通孔(1001)内设置活动槽(1002)，活动槽(1002)与第一通孔(1001)同轴设置，且活动槽(1002)内径大于第一通孔(1001)内径；所述活动槽(1002)内滑动设置有限位圆块(11)，限位圆块(11)通过连接柱(1101)固定连接有限位圆块二(1102)；限位圆块(11)和限位圆块二(1102)分别位于两端L形块(10)的活动槽(1002)内，且连接柱(1101)与第一通孔(1101)相互配合；连接柱(1101)上还套接有复位弹簧，复位弹簧固定连接在两个L形块(10)之间；所述L形块(10)一侧还开设有滑动倒角(12)；楔口槽(8)与L形块(10)相互配合。',1,'2','http://cprs.patentstar.com.cn/Search/Detail?ANE=9FFD9HCA8BFA2BBA3ACA1ABA9BFC5CCA9CHC9HFE8ACABHIA');
Insert into PATENT (APP_NUM,NAME,PATENT_TYPE,CLASS_CODE,DESIGNER_ID,PATENTEE_NAME,PROPOSER_NAME,PLACE_CODE,APP_DATE,PUBLIC_NUM,ABSTRACT,MAIN_CLAIM,CLAIM,AGE,IS_VALID,LINK) values ('CN111653929A','车辆与NFC移动设备通信的方法及其系统、车外NFC模块',1,'B60L53/62??','15','快客智能装备有限公司','吉林省塑料研究有限公司','310000',to_date('04-3月 -19','DD-MON-RR'),'CN111651719A','本发明公开了一种单片集成多轴MEMS传感器制成平台及其制造方法，属于传感器制造领域。其技术方案要点是包括平台和多轴MEMS传感器，平台包括带有通气孔的石英基底，带有凹腔和支撑柱的双层SOI圆片，结构圆片，以及带有凹腔、贯穿硅通孔和金属引线的盖板圆片。石英基底、双层SOI圆片、结构圆片和盖板圆片从下至上通过粘合堆叠的方式逐层设置，多轴MEMS传感器包括陀螺仪、加速度计、压力传感器和温度传感器。本发明的优点在于多种传感器可以集成在一个平台上，以获得更小的器件尺寸和更低的成本，同时提高集成器件的性能。','1.一种分布式液位平衡型竖向阻尼器，其特征在于，包括至少两个第一水箱(10)、至少一个第二水箱(20)、用于连通相邻第一水箱(10)和第二水箱(20)的液位平衡连通管(30)；所述第一水箱(10)顶部设有调压孔(60)，所述第一水箱(10)内设置有至少一个挡板(40)，所述挡板(40)通过固定组件(50)固定在第一水箱(10)上；所述第二水箱(20)顶部设置有密闭空气室(70)。','1.一种分布式液位平衡型竖向阻尼器，其特征在于，包括至少两个第一水箱(10)、至少一个第二水箱(20)、用于连通相邻第一水箱(10)和第二水箱(20)的液位平衡连通管(30)；所述第一水箱(10)顶部设有调压孔(60)，所述第一水箱(10)内设置有至少一个挡板(40)，所述挡板(40)通过固定组件(50)固定在第一水箱(10)上；所述第二水箱(20)顶部设置有密闭空气室(70)。',1,'3','http://cprs.patentstar.com.cn/Search/Detail?ANE=9FIG7CFA9EHE9IBA9DHC9DHB9FFG5BDA5AEA9IDC9BGC9DHC');
Insert into PATENT (APP_NUM,NAME,PATENT_TYPE,CLASS_CODE,DESIGNER_ID,PATENTEE_NAME,PROPOSER_NAME,PLACE_CODE,APP_DATE,PUBLIC_NUM,ABSTRACT,MAIN_CLAIM,CLAIM,AGE,IS_VALID,LINK) values ('CN111653930A','一种具有定位效果可独立运行的通信终端',1,'B60L53/63??','16','快客智能装备有限公司','吉林省塑料研究有限公司','310000',to_date('05-3月 -19','DD-MON-RR'),'CN111651720A','本发明提供了一种高温加热炉温度传感器布点装置及其计量校准方法，它是设置温度传感器布点装置，通过布点装置满足传感器个数和测温位置的布点要求，采用后置测温方式，将温度传感器的导电线从被检高温加热炉的后置测温孔穿出，从而避免前置测温方式在关闭炉门时对温度传感器导电线造成的损害，在校准高温加热炉之前，先校准其自身的自带控温热电偶和控温仪，以提高校准结果的准确性。','1.一种测试混凝土开裂情况下焊钉抗剪性能的试验方法，其特征在于，包括以下步骤：(1)把试件放置到试验框架中；试件包括工字型混凝土试件和钢结构，所述工字型混凝土试件包括上翼缘块体、下翼缘块体和腹板块体，所述工字型混凝土试件的腹板块体的前后侧设置有所述钢结构，所述钢结构与所述工字型混凝土试件之间通过焊钉连接，所述腹板块体上设置有横向刻槽；(2)在工字型混凝土试件的上翼缘块体和下翼缘块体之间放置千斤顶，然后同步对称施加压力，使得每一个千斤顶的上、下端分别与上翼缘块体的下表面和下翼缘块体的上表面接触顶紧，千斤顶继续施加压力使得腹板块体沿着刻槽的位置发生开裂，得到开展状态的混凝土，根据裂缝宽度需要的大小调整好千斤顶的力，并进行锁定保持该力不变；(3)所述试验框架内设置有上平台和下平台，所述上平台设置于所述工字型混凝土试件的顶部，所述下平台设置于所述工字型混凝土试件的底部，所述上平台与所述上翼缘块体之间留有竖向空间，所述上平台与所述试验框架的上横梁之间设置有竖向加载油缸，两个所述钢结构底部悬空，两个所述钢结构的顶端凸出于所述上翼缘块体的顶端面，竖向加载油缸通过上平台对钢结构施加压力，直到焊钉被剪断为止，得到焊钉的抗剪承载力。','1.一种测试混凝土开裂情况下焊钉抗剪性能的试验方法，其特征在于，包括以下步骤：(1)把试件放置到试验框架中；试件包括工字型混凝土试件和钢结构，所述工字型混凝土试件包括上翼缘块体、下翼缘块体和腹板块体，所述工字型混凝土试件的腹板块体的前后侧设置有所述钢结构，所述钢结构与所述工字型混凝土试件之间通过焊钉连接，所述腹板块体上设置有横向刻槽；(2)在工字型混凝土试件的上翼缘块体和下翼缘块体之间放置千斤顶，然后同步对称施加压力，使得每一个千斤顶的上、下端分别与上翼缘块体的下表面和下翼缘块体的上表面接触顶紧，千斤顶继续施加压力使得腹板块体沿着刻槽的位置发生开裂，得到开展状态的混凝土，根据裂缝宽度需要的大小调整好千斤顶的力，并进行锁定保持该力不变；(3)所述试验框架内设置有上平台和下平台，所述上平台设置于所述工字型混凝土试件的顶部，所述下平台设置于所述工字型混凝土试件的底部，所述上平台与所述上翼缘块体之间留有竖向空间，所述上平台与所述试验框架的上横梁之间设置有竖向加载油缸，两个所述钢结构底部悬空，两个所述钢结构的顶端凸出于所述上翼缘块体的顶端面，竖向加载油缸通过上平台对钢结构施加压力，直到焊钉被剪断为止，得到焊钉的抗剪承载力。',1,'1','http://cprs.patentstar.com.cn/Search/Detail?ANE=6CCA9IHG9DFB9EFA9EIE8FDA9DIH8GBA9IBH9ADD9CGHABHA');
Insert into PATENT (APP_NUM,NAME,PATENT_TYPE,CLASS_CODE,DESIGNER_ID,PATENTEE_NAME,PROPOSER_NAME,PLACE_CODE,APP_DATE,PUBLIC_NUM,ABSTRACT,MAIN_CLAIM,CLAIM,AGE,IS_VALID,LINK) values ('CN111653931A','区块链芯片的算法扩展定制方法',0,'B60L53/64??','16','大连理工江苏研究院有限公司','惠州志和包装材料有限公司','310000',to_date('06-3月 -19','DD-MON-RR'),'CN111952600G','一种靶材坯料及其制作方法，靶材坯料制作方法包括：提供靶材原料，所述靶材原料为颗粒状；在所述靶材原料表面形成还原层，所述还原层含碳；对所述靶材原料进行脱氧处理，以便通过所述还原层去除所述靶材原料中的氧；对经脱氧处理后的靶材原料进行烧结处理，形成靶材坯料。所述靶材坯料制作方法能够形成低氧含量的靶材坯料。','?1.一种荧光标记的人三阴性乳腺癌骨转移细胞株，其特征在于通过下述的方法制备而成：1）一个培养人源三阴性乳腺癌细胞MDA-MB-231的步骤；2）扩增含有红色荧光蛋白RFP的慢病毒载体，利用慢病毒转染细胞的方法，转染MDA-MB-231细胞，制备含有红色荧光标记的MDA-MB-231细胞；3）通过流式细胞仪分选，获得红色荧光RFP-MDA-MB-231细胞；4）将RFP-MDA-MB-231细胞移植到裸鼠第四对乳腺脂肪垫位置，然后进行哺育4-6周成瘤；5）肿瘤直径达到0.8-1.2cm时，处死裸鼠，解剖，取后肢胫骨，无菌环境下，用PH7.4的1xPBS缓冲溶液冲取骨髓，再采用胶原酶消化，获得骨髓来源单细胞，体外培养扩增；6）利用流式细胞分析仪，检测并分选从乳腺肿瘤转移到骨的红色荧光乳腺癌细胞，体外培养扩增，作为P1代乳腺癌骨转移细胞；7）扩增P1代乳腺癌骨转移细胞，移植裸鼠，重复上述第4-第6步，获得P2代乳腺癌骨转移细胞；8）扩增P2代乳腺癌骨转移细胞，移植裸鼠，重复上述第4-第6步，获得P3代乳腺癌骨转移细胞；9）通过上述三轮的裸鼠体内成瘤筛选，得到红色荧光标记的MDA-MB-231人三阴性乳腺癌骨转移细胞株。','?1.一种荧光标记的人三阴性乳腺癌骨转移细胞株，其特征在于通过下述的方法制备而成：1）一个培养人源三阴性乳腺癌细胞MDA-MB-231的步骤；2）扩增含有红色荧光蛋白RFP的慢病毒载体，利用慢病毒转染细胞的方法，转染MDA-MB-231细胞，制备含有红色荧光标记的MDA-MB-231细胞；3）通过流式细胞仪分选，获得红色荧光RFP-MDA-MB-231细胞；4）将RFP-MDA-MB-231细胞移植到裸鼠第四对乳腺脂肪垫位置，然后进行哺育4-6周成瘤；5）肿瘤直径达到0.8-1.2cm时，处死裸鼠，解剖，取后肢胫骨，无菌环境下，用PH7.4的1xPBS缓冲溶液冲取骨髓，再采用胶原酶消化，获得骨髓来源单细胞，体外培养扩增；6）利用流式细胞分析仪，检测并分选从乳腺肿瘤转移到骨的红色荧光乳腺癌细胞，体外培养扩增，作为P1代乳腺癌骨转移细胞；7）扩增P1代乳腺癌骨转移细胞，移植裸鼠，重复上述第4-第6步，获得P2代乳腺癌骨转移细胞；8）扩增P2代乳腺癌骨转移细胞，移植裸鼠，重复上述第4-第6步，获得P3代乳腺癌骨转移细胞；9）通过上述三轮的裸鼠体内成瘤筛选，得到红色荧光标记的MDA-MB-231人三阴性乳腺癌骨转移细胞株。',1,'1','http://cprs.patentstar.com.cn/Search/Detail?ANE=9IDE9IDC9IFG9HEC9DFA8GCAEIIA9GHGCHHA2ACA9HCBBCIA');
Insert into PATENT (APP_NUM,NAME,PATENT_TYPE,CLASS_CODE,DESIGNER_ID,PATENTEE_NAME,PROPOSER_NAME,PLACE_CODE,APP_DATE,PUBLIC_NUM,ABSTRACT,MAIN_CLAIM,CLAIM,AGE,IS_VALID,LINK) values ('CN111653932A','用于消息分发的方法、电子设备和计算机存储介质',1,'H02G3/04??','16','大连理工江苏研究院有限公司','惠州志和包装材料有限公司','310000',to_date('07-3月 -19','DD-MON-RR'),'CN111952601G','本发明公开了一种一二次融合智能化成套环网柜，包括柜体，所述柜体带有柜门，在所述柜体内固定有凝露检测组件，所述凝露检测组件用于检测是否发生凝露，其包括引流锥、长槽、引流管、集液瓶、毛细管、电极；所述引流锥为倒锥台面，由金属制成，作为凝露发生面，内外面上刻有多个长槽，长槽底端延伸至引流锥的底边，且长槽的底端开口并与引流管连通；所述引流管底端伸入集液瓶内；所述集液瓶侧面连通倾斜向上设置的毛细管；毛细管管壁上固定有相对的两个金属电极，当水同时与两个电极接触时连通两个电极；还包括引风组件，引风组件用于强制柜体内外空气对流；所述电极接通后，所述引风组件均开始工作。改环网柜能够有效的消除或是避免发生凝露。','?1.一种带自封袋的试剂瓶，包括瓶体，及用于封盖瓶体上端瓶口的瓶盖，其特征在于：所述瓶体的外壁固定有储袋仓，储袋仓内存放有自封袋，储袋仓上开设有用于抽出自封袋的仓口，所述自封袋的袋口边缘部位从储袋仓的仓口伸出；所述瓶盖上设有可转动的转杆，转杆上设有一个软质连接带，软质连接带的一端与转杆固接，软质连接带的另一端与自封袋的袋口边缘部固接。','?1.一种带自封袋的试剂瓶，包括瓶体，及用于封盖瓶体上端瓶口的瓶盖，其特征在于：所述瓶体的外壁固定有储袋仓，储袋仓内存放有自封袋，储袋仓上开设有用于抽出自封袋的仓口，所述自封袋的袋口边缘部位从储袋仓的仓口伸出；所述瓶盖上设有可转动的转杆，转杆上设有一个软质连接带，软质连接带的一端与转杆固接，软质连接带的另一端与自封袋的袋口边缘部固接。',1,'1','http://cprs.patentstar.com.cn/Search/Detail?ANE=8ECA1ABA2AAA7EDA9GDB5FAA9HBD9DBD9EID4ABAAAIA3BAA');
Insert into PATENT (APP_NUM,NAME,PATENT_TYPE,CLASS_CODE,DESIGNER_ID,PATENTEE_NAME,PROPOSER_NAME,PLACE_CODE,APP_DATE,PUBLIC_NUM,ABSTRACT,MAIN_CLAIM,CLAIM,AGE,IS_VALID,LINK) values ('CN111653933A','带营销系统图形用户界面的显示屏幕面板',1,'H02G3/05??','17','大连理工江苏研究院有限公司','惠州志和包装材料有限公司','310000',to_date('08-3月 -19','DD-MON-RR'),'CN111952602G','本发明公开了一种铝合金表面抗腐耐磨改性陶瓷涂层制备方法，涉及铝合金表面处理技术领域；为了解决涂层冷却到室温过程中产生裂纹问题；具体包括如下步骤：将陶瓷材料、添加剂、复合添加材料进行干燥、研磨，过200目筛，备用；将铝合金元件处理备用；将干粉状的陶瓷粉末倒入搅拌机内，加入去离子水。本发明以去离子水作为载液，以添加剂作为粘结剂，添加多种金属无机氧化物并进行充分搅拌和碾磨，获得分散均匀的陶瓷涂料，添加复合添加材料和铝粉等，在热处理过程中的进一步氧化产生体积膨胀，以弥补陶瓷涂层在烧结过程中产生的体积收缩，使涂层达到致密化，对涂层起到了增韧作用，提高涂层在铝合金表面的结合力。','1.一种左室假腱索植入系统，其特征在于，所述的左室假腱索植入系统包括固定片、动脉导管未闭封堵器、人工腱索、细钢丝；所述的人工腱索前后两端分别与固定片和动脉导管未闭封堵器连接；所述的细钢丝固定设于人工腱索末端表面位置。','1.一种左室假腱索植入系统，其特征在于，所述的左室假腱索植入系统包括固定片、动脉导管未闭封堵器、人工腱索、细钢丝；所述的人工腱索前后两端分别与固定片和动脉导管未闭封堵器连接；所述的细钢丝固定设于人工腱索末端表面位置。',1,'1','http://cprs.patentstar.com.cn/Search/Detail?ANE=8ECA1ABA2AAA7EDA9GDB5FAA9HBD9DBD9EID4ABAAAIA3BAA');
Insert into PATENT (APP_NUM,NAME,PATENT_TYPE,CLASS_CODE,DESIGNER_ID,PATENTEE_NAME,PROPOSER_NAME,PLACE_CODE,APP_DATE,PUBLIC_NUM,ABSTRACT,MAIN_CLAIM,CLAIM,AGE,IS_VALID,LINK) values ('CN111653934A','信息生成方法、装置、电子设备和计算机可读介质',1,'H02G3/06??','17','大连理工江苏研究院有限公司','惠州志和包装材料有限公司','310000',to_date('09-3月 -19','DD-MON-RR'),'CN111952603G','本实用新型涉及转子式压缩机领域，是一种降低压缩机吐油量的围挡结构，排气管下方、上盖组件内部焊接有金属围挡，金属围挡上设置两个焊接点，金属围挡上还设置两个通孔，通孔的位置远离排气管；金属围挡为矩形结构，其中三边设置有翻边结构；本实用新型的优点是该围挡结构能够有效控制冷冻机油的大量排出，上盖组件内焊接油挡板，对冷冻机油的排出路径进行半封闭遮挡，有效降低压缩机的吐油量。','?1.一种移动式灯具，其特征在于，包括：光源结构，所述光源结构活动覆盖于位于目标部件所在的目标区域；且所述目标部件穿过所述光源结构可视化呈现；第一导轨，所述第一导轨设于所述光源结构的一侧；驱动结构，所述驱动结构滑动连接于所述第一导轨；所述驱动结构带动所述光源结构沿所述第一导轨移动，以调整所述光源结构在所述目标区域所在平面的投影与所述目标区域的相对位置。','?1.一种移动式灯具，其特征在于，包括：光源结构，所述光源结构活动覆盖于位于目标部件所在的目标区域；且所述目标部件穿过所述光源结构可视化呈现；第一导轨，所述第一导轨设于所述光源结构的一侧；驱动结构，所述驱动结构滑动连接于所述第一导轨；所述驱动结构带动所述光源结构沿所述第一导轨移动，以调整所述光源结构在所述目标区域所在平面的投影与所述目标区域的相对位置。',1,'1','http://cprs.patentstar.com.cn/Search/Detail?ANE=7CDA9GHE7FAA7DEA6BEA9HFD5BAAAEFADIEA9BCD9EFCBHGA');
Insert into PATENT (APP_NUM,NAME,PATENT_TYPE,CLASS_CODE,DESIGNER_ID,PATENTEE_NAME,PROPOSER_NAME,PLACE_CODE,APP_DATE,PUBLIC_NUM,ABSTRACT,MAIN_CLAIM,CLAIM,AGE,IS_VALID,LINK) values ('CN111653935A','车载双屏多媒体动态调频方法',0,'H02G3/07??','17','大连理工江苏研究院有限公司','惠州志和包装材料有限公司','310000',to_date('10-3月 -19','DD-MON-RR'),'CN111952604G','本实用新型公开了一种高速列车牵引电机轴电流传感器支架结构，具体为：将背面外壳和支架设计为一个整体，即背面外壳及支架联合体；将电流传感器设计成完全分开的两个部分，即正面外壳和背面外壳及支架联合体分成两部分，通过螺栓将支架结构与齿轮箱端盖进行连接，将支架结构固定在齿轮箱端盖上，通过螺栓将支架结构的上下两部分进行连接，解决了电流传感器安装固定的问题。本实用新型安装过程简单、使用方便、稳定性好、安全性高。','?1.一种基于深度视频事件补全的视频数据异常识别方法，其特征在于，所述方法包括：获取当前视频帧中前景目标所在的前景目标区域，从包括当前视频帧的预设长度的视频帧序列中，获取每个视频帧在所述前景目标区域的图像数据，根据得到的图像数据序列生成视频事件数据；从所述视频事件数据的所述图像数据序列中抽除预设数量的图像数据，得到对应的不完整视频事件数据，将所述不完整视频事件数据输入预先训练的深度视频事件补全模型，得到对应的外观补全图像数据和运动信息补全数据；所述深度视频事件补全模型包括基于深度神经网络的外观补全网络和运动补全网络；根据被抽除的所述图像数据和所述外观补全图像数据之间的误差，以及根据被抽除的所述图像数据的运动信息数据和所述运动信息补全数据之间的误差，识别所述视频事件数据中的异常。','?1.一种基于深度视频事件补全的视频数据异常识别方法，其特征在于，所述方法包括：获取当前视频帧中前景目标所在的前景目标区域，从包括当前视频帧的预设长度的视频帧序列中，获取每个视频帧在所述前景目标区域的图像数据，根据得到的图像数据序列生成视频事件数据；从所述视频事件数据的所述图像数据序列中抽除预设数量的图像数据，得到对应的不完整视频事件数据，将所述不完整视频事件数据输入预先训练的深度视频事件补全模型，得到对应的外观补全图像数据和运动信息补全数据；所述深度视频事件补全模型包括基于深度神经网络的外观补全网络和运动补全网络；根据被抽除的所述图像数据和所述外观补全图像数据之间的误差，以及根据被抽除的所述图像数据的运动信息数据和所述运动信息补全数据之间的误差，识别所述视频事件数据中的异常。',1,'1','http://cprs.patentstar.com.cn/Search/Detail?ANE=9IFG7BGA9DFB9IIH9FHE8DFA9ICG7EDA9HFF9IFG9DHF9DDA');
Insert into PATENT (APP_NUM,NAME,PATENT_TYPE,CLASS_CODE,DESIGNER_ID,PATENTEE_NAME,PROPOSER_NAME,PLACE_CODE,APP_DATE,PUBLIC_NUM,ABSTRACT,MAIN_CLAIM,CLAIM,AGE,IS_VALID,LINK) values ('CN111653936A','语音处理方法、装置、计算机存储介质和电子设备',1,'H02G3/08??','17','大连理工江苏研究院有限公司','惠州志和包装材料有限公司','310000',to_date('11-3月 -19','DD-MON-RR'),'CN111952605G','本发明公开了一种户外密封防洪5G通信机柜，包括外柜体和设置在外柜体内侧的机柜元件，所述外柜体的内侧固定连接有内柜体，且内柜体与外柜体间设置有间隙，所述外柜体的外端面安装有外密封门，所述内柜体的外端面安装有内密封门，所述外柜体的外端面安装有液位传感器，所述外柜体的外端面靠近液位传感器的外侧安装有防雨罩。本发明中，首先，采用洪涝自漂浮结构，由此提升了通信机柜的防洪性能，其次，采用密封金属传导式降温，通过内柜体内壁与内柜体内空气进行热交换，从而对内柜体内侧进行散热，提升了通信机柜的散热效果，最后，采用全密封式防水降温结构，由此提升了通信机柜的安全性。','1.一种云网融合环境下基于智能信息推荐的消息推送方法，其特征在于，应用于与用户终端通信连接的服务器，所述方法包括：获取所述用户终端的当前匹配空间道路；根据所述当前匹配空间道路从服务器中查询匹配的目标信息推荐区域，基于所述目标信息推荐区域计算并提取所述用户终端的推送特征参数，并根据所述推送特征参数确定所述用户终端的推送消息序列；根据所述用户终端的推送消息序列对所述用户终端进行特定消息推送；所述计算并提取的所述用户终端的推送特征参数，并根据所述推送特征参数确定所述用户终端的推送消息序列的步骤，包括：计算所述当前匹配空间道路在所述目标信息推荐区域中的推送预测距离；获取所述当前匹配空间道路所在道路网络对于携带所述用户终端的出行人的熟悉度以及出行人的当前行走速度；根据所述熟悉度和所述当前行走速度计算所述出行人的理论行走速度，并根据所述理论行走速度和所述推送预测距离计算所述出行人在所述目标信息推荐区域中的总推送时长；从预先配置的特定消息数据库中获取与所述总推送时长匹配的多个待推送特定消息，并分别确定每个待推送特定消息的推送时长、推送状态、推送优先级以及推送强度，作为所述用户终端对应的每个待推送特定消息的推送特征参数；将每个待推送特定消息以及每个待推送特定消息的推送特征参数进行关联映射并排列，得到所述用户终端的推送消息序列。','1.一种云网融合环境下基于智能信息推荐的消息推送方法，其特征在于，应用于与用户终端通信连接的服务器，所述方法包括：获取所述用户终端的当前匹配空间道路；根据所述当前匹配空间道路从服务器中查询匹配的目标信息推荐区域，基于所述目标信息推荐区域计算并提取所述用户终端的推送特征参数，并根据所述推送特征参数确定所述用户终端的推送消息序列；根据所述用户终端的推送消息序列对所述用户终端进行特定消息推送；所述计算并提取的所述用户终端的推送特征参数，并根据所述推送特征参数确定所述用户终端的推送消息序列的步骤，包括：计算所述当前匹配空间道路在所述目标信息推荐区域中的推送预测距离；获取所述当前匹配空间道路所在道路网络对于携带所述用户终端的出行人的熟悉度以及出行人的当前行走速度；根据所述熟悉度和所述当前行走速度计算所述出行人的理论行走速度，并根据所述理论行走速度和所述推送预测距离计算所述出行人在所述目标信息推荐区域中的总推送时长；从预先配置的特定消息数据库中获取与所述总推送时长匹配的多个待推送特定消息，并分别确定每个待推送特定消息的推送时长、推送状态、推送优先级以及推送强度，作为所述用户终端对应的每个待推送特定消息的推送特征参数；将每个待推送特定消息以及每个待推送特定消息的推送特征参数进行关联映射并排列，得到所述用户终端的推送消息序列。',1,'1','http://cprs.patentstar.com.cn/Search/Detail?ANE=9BGA6CEA3ABA1ABA7CEA9HGE9CEBBGDABGEA9FDB9FBD4BBA');
Insert into PATENT (APP_NUM,NAME,PATENT_TYPE,CLASS_CODE,DESIGNER_ID,PATENTEE_NAME,PROPOSER_NAME,PLACE_CODE,APP_DATE,PUBLIC_NUM,ABSTRACT,MAIN_CLAIM,CLAIM,AGE,IS_VALID,LINK) values ('CN111653937A','一种虚拟机备份方法、组件及云计算系统',1,'H02G3/09??','17','大连理工江苏研究院有限公司','惠州志和包装材料有限公司','310000',to_date('12-3月 -19','DD-MON-RR'),'CN111952606G','本申请公开了一种基于阶梯式四脊的宽带喇叭天线，包括圆锥喇叭、阶梯式四脊、底部支撑块和馈电同轴线。圆锥喇叭包括直波导段和喇叭段。喇叭段的截面积较大的一端为圆形与两个相互正交的圆柱体相交所得的四段椭圆弧段相连；喇叭段的侧壁上开有四个依次间隔90°的通孔一。阶梯式四脊为四个脊板相互正交构成的一个十字结构；每个脊板包括多段高度相同、宽度依次递减的金属板依次相连呈阶梯状，并开有通孔二，还包括一段外脊线呈曲线的金属板。底部支撑块为四个矩形块相互正交组成十字结构。馈电同轴线有四根，穿过圆锥喇叭上的四个依次间隔90°的通孔三，用于电性连接阶梯式四脊的四个脊板。本申请实现了超宽带、高端口隔离度和高交叉极化隔离度。','?1.一种基于深度视频事件补全的视频数据异常识别方法，其特征在于，所述方法包括：获取当前视频帧中前景目标所在的前景目标区域，从包括当前视频帧的预设长度的视频帧序列中，获取每个视频帧在所述前景目标区域的图像数据，根据得到的图像数据序列生成视频事件数据；从所述视频事件数据的所述图像数据序列中抽除预设数量的图像数据，得到对应的不完整视频事件数据，将所述不完整视频事件数据输入预先训练的深度视频事件补全模型，得到对应的外观补全图像数据和运动信息补全数据；所述深度视频事件补全模型包括基于深度神经网络的外观补全网络和运动补全网络；根据被抽除的所述图像数据和所述外观补全图像数据之间的误差，以及根据被抽除的所述图像数据的运动信息数据和所述运动信息补全数据之间的误差，识别所述视频事件数据中的异常。','?1.一种基于深度视频事件补全的视频数据异常识别方法，其特征在于，所述方法包括：获取当前视频帧中前景目标所在的前景目标区域，从包括当前视频帧的预设长度的视频帧序列中，获取每个视频帧在所述前景目标区域的图像数据，根据得到的图像数据序列生成视频事件数据；从所述视频事件数据的所述图像数据序列中抽除预设数量的图像数据，得到对应的不完整视频事件数据，将所述不完整视频事件数据输入预先训练的深度视频事件补全模型，得到对应的外观补全图像数据和运动信息补全数据；所述深度视频事件补全模型包括基于深度神经网络的外观补全网络和运动补全网络；根据被抽除的所述图像数据和所述外观补全图像数据之间的误差，以及根据被抽除的所述图像数据的运动信息数据和所述运动信息补全数据之间的误差，识别所述视频事件数据中的异常。',1,'3','http://cprs.patentstar.com.cn/Search/Detail?ANE=9CID4EAA9FFD9HCA3CAA7DEA9CDB9DGA9FDC9BHD9EDH9AFD');
Insert into PATENT (APP_NUM,NAME,PATENT_TYPE,CLASS_CODE,DESIGNER_ID,PATENTEE_NAME,PROPOSER_NAME,PLACE_CODE,APP_DATE,PUBLIC_NUM,ABSTRACT,MAIN_CLAIM,CLAIM,AGE,IS_VALID,LINK) values ('CN111653938A','排污行为的异常检测系统及方法、电子设备、计算机可读存储介质',1,'H02G3/10??','18','大连理工江苏研究院有限公司','惠州志和包装材料有限公司','310000',to_date('13-3月 -19','DD-MON-RR'),'CN111952607G','本发明公开了充电桩技术领域的一种接触式自屏蔽的防暴雨充电桩，包括充电桩，充电桩的顶部固定安装有承雨箱，充电桩的侧壁开设有充电插孔，充电插孔的侧壁设置有侧腔，侧腔的内腔滑动设置有遮雨板，遮雨板底端侧壁固定安装有两组底端连接块，底端连接块的顶部固定安装有长弹簧，长弹簧的顶部与侧腔的顶端固定连接，侧腔的上方设置有安装腔，安装腔的内腔固定安装有两组电磁铁，电磁铁与遮雨板磁性配合，承雨箱的底部设置有圆筒腔，圆筒腔的底部固定安装有复位弹簧，圆筒腔的内腔滑动配合有水盖板，本装置能够防止暴雨的倾袭，对充电插孔进行保护，在下暴雨的时候自动打开防护，便于控制，具有良好的市场前景。','1.一种波纹钢板墙混合连接节点，波纹钢板墙包括波纹钢板(1)、竖向边缘构件(2)、水平T形鱼尾板(4)；所述竖向边缘构件(2)分别焊接在所述波纹钢板(1)的左右两侧；所述水平T形鱼尾板(4)通过翼缘板分别焊接在所述波纹钢板(1)的上下两侧；框架梁(3)位于所述波纹钢板墙的上下两侧；其特征在于：所述竖向边缘构件(2)与所述框架梁(3)采用销轴连接，所述水平T形鱼尾板(4)与所述框架梁(3)采用螺栓连接。','1.一种波纹钢板墙混合连接节点，波纹钢板墙包括波纹钢板(1)、竖向边缘构件(2)、水平T形鱼尾板(4)；所述竖向边缘构件(2)分别焊接在所述波纹钢板(1)的左右两侧；所述水平T形鱼尾板(4)通过翼缘板分别焊接在所述波纹钢板(1)的上下两侧；框架梁(3)位于所述波纹钢板墙的上下两侧；其特征在于：所述竖向边缘构件(2)与所述框架梁(3)采用销轴连接，所述水平T形鱼尾板(4)与所述框架梁(3)采用螺栓连接。',1,'1','http://cprs.patentstar.com.cn/Search/Detail?ANE=9GGF5FAA9DGC6CEA9ICC9BIA9IDHHIHA8BBA8AGA9FGF7FBA');
Insert into PATENT (APP_NUM,NAME,PATENT_TYPE,CLASS_CODE,DESIGNER_ID,PATENTEE_NAME,PROPOSER_NAME,PLACE_CODE,APP_DATE,PUBLIC_NUM,ABSTRACT,MAIN_CLAIM,CLAIM,AGE,IS_VALID,LINK) values ('CN111653939A','一种图像识别方法、装置和计算机可读存储介质',1,'H02G3/11??','18','大连理工江苏研究院有限公司','惠州志和包装材料有限公司','310000',to_date('14-3月 -19','DD-MON-RR'),'CN111952608G','本实用新型涉及一种温度自动校准仪，包括底座和罩壳，罩壳盖设在底座上，底座顶端安装有线路板和金属插座，金属插座一端伸出罩壳外；罩壳顶端开设有两个通孔，通孔处设置有接线柱，不锈钢网的两端分别套设在接线柱顶部，不锈钢网中部安装有温度传感器；两个接线柱底部均插入罩壳内，其中一接线柱底部设置在支撑柱内，支撑柱贯穿安装在顶杆上，顶杆一端与L型挡板相抵，其另一端连接有导杆，导杆上套设有弹簧，弹簧一端与顶杆相抵，其另一端卡设在压线板上。通过将电焊笔放置于温度传感器上，再通过与金属插座连接的监测设备显示，可将电焊笔的温度控制在适合焊接的范围内，避免电路板损坏，提高焊接效果。','1.一种分布式液位平衡型竖向阻尼器，其特征在于，包括至少两个第一水箱(10)、至少一个第二水箱(20)、用于连通相邻第一水箱(10)和第二水箱(20)的液位平衡连通管(30)；所述第一水箱(10)顶部设有调压孔(60)，所述第一水箱(10)内设置有至少一个挡板(40)，所述挡板(40)通过固定组件(50)固定在第一水箱(10)上；所述第二水箱(20)顶部设置有密闭空气室(70)。','1.一种分布式液位平衡型竖向阻尼器，其特征在于，包括至少两个第一水箱(10)、至少一个第二水箱(20)、用于连通相邻第一水箱(10)和第二水箱(20)的液位平衡连通管(30)；所述第一水箱(10)顶部设有调压孔(60)，所述第一水箱(10)内设置有至少一个挡板(40)，所述挡板(40)通过固定组件(50)固定在第一水箱(10)上；所述第二水箱(20)顶部设置有密闭空气室(70)。',1,'1','http://cprs.patentstar.com.cn/Search/Detail?ANE=9HFF9DHB9CGB6GAA5AEA9HIG9EBBEGGA9EGF9CFC9FGF9FIG');
Insert into PATENT (APP_NUM,NAME,PATENT_TYPE,CLASS_CODE,DESIGNER_ID,PATENTEE_NAME,PROPOSER_NAME,PLACE_CODE,APP_DATE,PUBLIC_NUM,ABSTRACT,MAIN_CLAIM,CLAIM,AGE,IS_VALID,LINK) values ('CN111653940A','图像处理方法、装置、系统、电子设备及可读存储介质',1,'H02G3/12??','18','大连理工江苏研究院有限公司','惠州志和包装材料有限公司','310000',to_date('15-3月 -19','DD-MON-RR'),'CN111952609G','本申请提供一种排污行为的异常检测系统及方法、电子设备、计算机可读存储介质，该系统包括：流量传感器，用于检测目标企业的用水参数；电量传感器，用于检测目标企业内指定生产设备的用电参数；客户端设备，连接流量传感器，从流量传感器接收用水参数，以及，连接电量传感器，从电量传感器接收用电参数；服务端设备，连接客户端设备，用于基于用水参数和用电参数，确定目标企业在指定时段的实际耗水量和指定生产设备的用电量；将用电量作为耗水量模型的输入，获得耗水量模型输出的指定时段的预测耗水量；计算实际耗水量与预测耗水量之间的差异率；判断差异率是否大于预设差异阈值，若是，确定目标企业的排污行为存在异常。','1.一种无损地由BIM模型构建空间语义数据库的方法，其特征在于，包括步骤如下：初始设置，选择关系型数据库；步骤一：数据库表个数与BIM对象的种类对齐，BIM中有多少类对象，就建立多少张表格；新建表：根据BIM数据的组织规范建立表，表名称和BIM中种类名称保持一致；实现将BIM中所有的对象种类的涵盖；步骤二：数据库表结构与BIM对象的属性对齐；定义表结构字段：根据每类BIM对象的属性描述字段，构建数据库表的字段：字段名称、类型均和BIM对象保持一致；将BIM对象的属性设置为表的字段名；步骤三：数据库表关系与BIM对象间关系对齐；定义表之间关系：将BIM对象的唯一ID，设置为每个表的主键，将BIM对象的父节点ID，设置为表的外键，通过主键、外键配合，实现用关系型数据库描述BIM树状结构；步骤四：数据库表记录与BIM对象的记录对齐，将BIM对象进行入库，将所有BIM对象按照分类存入对应的表中，形成表的记录；将BIM对象按照上述数据库结构进行表记录整理；步骤五：执行建库脚本，进行建库得到无损的BIM空间语义数据库；形成将BIM中每类对象、每个属性都入库，每类对象的关系也通过表之间的关系清晰表达，所有BIM对象属性完整保留，所有BIM对象关系完整保留，BIM的几何表达转换为空间表达，得到同BIM组织架构一样的空间语义数据库的结构；该步骤四中的表记录整理为分别执行几何转换操作和语义保留操作；该几何转换操作为将BIM数据的几何信息进行坐标转换，包括几何表达方式的转换和坐标转换得到地理空间的几何信息。','1.一种无损地由BIM模型构建空间语义数据库的方法，其特征在于，包括步骤如下：初始设置，选择关系型数据库；步骤一：数据库表个数与BIM对象的种类对齐，BIM中有多少类对象，就建立多少张表格；新建表：根据BIM数据的组织规范建立表，表名称和BIM中种类名称保持一致；实现将BIM中所有的对象种类的涵盖；步骤二：数据库表结构与BIM对象的属性对齐；定义表结构字段：根据每类BIM对象的属性描述字段，构建数据库表的字段：字段名称、类型均和BIM对象保持一致；将BIM对象的属性设置为表的字段名；步骤三：数据库表关系与BIM对象间关系对齐；定义表之间关系：将BIM对象的唯一ID，设置为每个表的主键，将BIM对象的父节点ID，设置为表的外键，通过主键、外键配合，实现用关系型数据库描述BIM树状结构；步骤四：数据库表记录与BIM对象的记录对齐，将BIM对象进行入库，将所有BIM对象按照分类存入对应的表中，形成表的记录；将BIM对象按照上述数据库结构进行表记录整理；步骤五：执行建库脚本，进行建库得到无损的BIM空间语义数据库；形成将BIM中每类对象、每个属性都入库，每类对象的关系也通过表之间的关系清晰表达，所有BIM对象属性完整保留，所有BIM对象关系完整保留，BIM的几何表达转换为空间表达，得到同BIM组织架构一样的空间语义数据库的结构；该步骤四中的表记录整理为分别执行几何转换操作和语义保留操作；该几何转换操作为将BIM数据的几何信息进行坐标转换，包括几何表达方式的转换和坐标转换得到地理空间的几何信息。',1,'1','http://cprs.patentstar.com.cn/Search/Detail?ANE=6CCA9GHE7CDA9HCA7DDA8BHA9DDC9AFD9IDH9BHF3BAA9HEC');
Insert into PATENT (APP_NUM,NAME,PATENT_TYPE,CLASS_CODE,DESIGNER_ID,PATENTEE_NAME,PROPOSER_NAME,PLACE_CODE,APP_DATE,PUBLIC_NUM,ABSTRACT,MAIN_CLAIM,CLAIM,AGE,IS_VALID,LINK) values ('CN111653941A','计算机二进制程序的链接库函数名识别方法及装置',1,'H02G3/13??','18','大连理工江苏研究院有限公司','惠州志和包装材料有限公司','310000',to_date('16-3月 -19','DD-MON-RR'),'CN111952610G','本申请提供一种处警辅助方法及装置、电子设备、计算机可读存储介质，方法包括：获取报警数据；其中，所述报警数据包括报警人的手机号、警情信息；基于所述手机号向所述报警人的第一终端设备发送定位请求短信；其中，所述定位请求短信包括定位超链接和定位提示消息；获取所述第一终端设备访问所述定位超链接对应的网页时上报的第一位置信息；向指定处警人员的第二终端设备发送处警任务信息；其中，所述处警任务信息包括所述第一位置信息和所述警情信息。本申请实施例减少了在接警过程和寻找报警地点时耗费的时间，有效提高了处警效率。','1.一种模型标记方法，其特征在于，包括：获取三维模型，识别所述三维模型的场景信息和待标记部件的部件信息；将所述场景信息和所述部件信息进行二维渲染，生成二维的待标记图像；基于各所述待标记部件在所述待标记图像的分布状态，确定对各所述待标记部件进行标记的标记组件的属性信息；基于所述各所述待标记部件对应的标记组件的属性信息以及所述待标记部件的标记内容，在所述待标记图像中对各所述待标记部件进行标记。','1.一种模型标记方法，其特征在于，包括：获取三维模型，识别所述三维模型的场景信息和待标记部件的部件信息；将所述场景信息和所述部件信息进行二维渲染，生成二维的待标记图像；基于各所述待标记部件在所述待标记图像的分布状态，确定对各所述待标记部件进行标记的标记组件的属性信息；基于所述各所述待标记部件对应的标记组件的属性信息以及所述待标记部件的标记内容，在所述待标记图像中对各所述待标记部件进行标记。',1,'1','http://cprs.patentstar.com.cn/Search/Detail?ANE=9DFB9IDC9DHD8EEA8HAA9GDA9FCD9CAA9GBD9GAC9AED9FGF');
Insert into PATENT (APP_NUM,NAME,PATENT_TYPE,CLASS_CODE,DESIGNER_ID,PATENTEE_NAME,PROPOSER_NAME,PLACE_CODE,APP_DATE,PUBLIC_NUM,ABSTRACT,MAIN_CLAIM,CLAIM,AGE,IS_VALID,LINK) values ('CN111653942A','一种用户图形界面测试方法及计算机可读存储介质',1,'H02G3/14??','19','大连理工江苏研究院有限公司','惠州志和包装材料有限公司','310000',to_date('17-3月 -19','DD-MON-RR'),'CN111952611G','本公开提供了一种语音处理方法、装置、计算机存储介质和电子设备，涉及人工智能领域。该方法包括：获取与语音信号对应的多个语音特征信息；将所述语音特征信息输入至声学模型，通过所述声学模型对各所述语音特征信息进行特征提取，以获取与各所述语音特征信息对应的状态信息，所述声学模型具有隐层跳层连接结构和基于卷积神经网络的记忆单元；根据与各所述语音特征信息对应的状态信息确定与所述语音信号对应的文本信息。本公开可以提高语音识别的精准度和效率。','1.一种网络桥架内网线理线板结构，其包括网络桥架，其特征在于，所述网络桥架上设置有一块PVC板，所述PVC板上均匀开设置有过线孔，所述过线孔上安装有橡胶环片，所述橡胶环片由两个半圆环片拼合而成，所述半圆环片外周面开设置有卡槽，所述橡胶环片通过所述卡槽卡嵌连接所述过线孔；所述橡胶环片一侧设置有标签插槽。','1.一种网络桥架内网线理线板结构，其包括网络桥架，其特征在于，所述网络桥架上设 置有一块PVC板，所述PVC板上均匀开设置有过线孔，所述过线孔上安装有橡胶环片，所述橡 胶环片由两个半圆环片拼合而成，所述半圆环片外周面开设置有卡槽，所述橡胶环片通过 所述卡槽卡嵌连接所述过线孔；所述橡胶环片一侧设置有标签插槽。',1,'2','http://cprs.patentstar.com.cn/Search/Detail?ANE=9FFD9FEA9CFA7BGA9HCB4DBA7ACADIGA9IDCFIFAAFHA9AIA');
Insert into PATENT (APP_NUM,NAME,PATENT_TYPE,CLASS_CODE,DESIGNER_ID,PATENTEE_NAME,PROPOSER_NAME,PLACE_CODE,APP_DATE,PUBLIC_NUM,ABSTRACT,MAIN_CLAIM,CLAIM,AGE,IS_VALID,LINK) values ('CN111645552A','一种设备安全状态综合分析的方法及计算机可读存储介质',1,'H02G3/15??','19','大连理工江苏研究院有限公司','惠州志和包装材料有限公司','310000',to_date('18-3月 -19','DD-MON-RR'),'CN111952612G','本发明公开了基于梯度方向约束的边缘跟踪直线段快速检测装置及方法，该方法包括：获得图像的单像素的边缘点；根据梯度的约束，当且仅当搜索到的相邻边缘点的梯度切向与已经跟踪到的直线段的延伸方向的差值小于阈值时才对相邻边缘点进行连接，获得直线段；对得到的初始直线段，即边缘段，求出其两个端点间的距离l与边缘段上的各点到连接两个端点的直线间的最大距离d之间的比值，该比值表征该边缘段作为直线的显著程度，判断该边缘段是否应作为曲线段而被分割为多个直线段；以及进行直线段判定，剔除虚假直线段。本发明进行直线段检测的速度快，对不同的图像尺度和对比度水平的适应能力强。','?1.一种包含硬装的卫生间自动设计系统，其特征在于：主要包括生成布局模块、划分干湿区模块、生成关注区模块和硬装匹配模块，其中，生成布局模块，用于在目标房间中生成软装家具的布局；划分干湿区模块，用于样板间和目标房间进行干湿区子区域划分；生成关注区模块，用于根据各个家具的位置以及干湿区分区信息，结合样板间中墙、顶、地面上的硬装设计，在样板间和目标房间生成墙面、地面、顶面的硬装面关注区；硬装匹配模块，用于结合样板间关注区中的硬装设计，按照关注区应用到目标房间对应的区域中，并且微调适配房间内布局好的家具。','?1.一种包含硬装的卫生间自动设计系统，其特征在于：主要包括生成布局模块、划分干湿区模块、生成关注区模块和硬装匹配模块，其中，生成布局模块，用于在目标房间中生成软装家具的布局；划分干湿区模块，用于样板间和目标房间进行干湿区子区域划分；生成关注区模块，用于根据各个家具的位置以及干湿区分区信息，结合样板间中墙、顶、地面上的硬装设计，在样板间和目标房间生成墙面、地面、顶面的硬装面关注区；硬装匹配模块，用于结合样板间关注区中的硬装设计，按照关注区应用到目标房间对应的区域中，并且微调适配房间内布局好的家具。',1,'1','http://cprs.patentstar.com.cn/Search/Detail?ANE=9HEE9DGABIIA4AEA9FIF9DGA9IDH9GFG8BBA9EIFDFHA9GEF');
Insert into PATENT (APP_NUM,NAME,PATENT_TYPE,CLASS_CODE,DESIGNER_ID,PATENTEE_NAME,PROPOSER_NAME,PLACE_CODE,APP_DATE,PUBLIC_NUM,ABSTRACT,MAIN_CLAIM,CLAIM,AGE,IS_VALID,LINK) values ('CN111645553A','一种成本的核算方法、装置、计算机设备和存储介质',1,'H02G3/16??','19','大连理工江苏研究院有限公司','惠州志和包装材料有限公司','310000',to_date('19-3月 -19','DD-MON-RR'),'CN111952613G','本公开的实施例涉及用于消息分发的方法、电子设备和计算机存储介质，涉及信息处理领域。根据该方法，从订阅方设备接收消息订阅请求，消息订阅请求包括订阅主题、订阅标签和消息格式转换规则；生成订阅主题、订阅标签、消息格式转换规则和订阅方设备之间的第一关联；如果确定从发送方设备接收到包括第一主题和第一标签的第一消息，基于第一关联，确定与第一主题和第一标签相关联的第一订阅方设备；基于与第一订阅方设备相关联的消息格式转换规则和第一消息，生成第二消息；以及向第一订阅方设备发送第二消息。由此，基于消息订阅请求中的消息格式转换规则将符合订阅主题和订阅标签的消息转换后发送给订阅方，提高消息格式转换的效率和灵活性。','1.一种复杂索网体系的建模分析方法，其特征在于：采用子结构模态综合法和模型降阶方法，形成索网系统动力特性和动力响应分析的功能。','1.一种复杂索网体系的建模分析方法，其特征在于：采用子结构模态综合法和模型降阶方法，形成索网系统动力特性和动力响应分析的功能。',1,'1','http://cprs.patentstar.com.cn/Search/Detail?ANE=7EBA9IDC9GFE7HAA9IDD8EEA9GCE8CCA9EACBIHACIEA5DAA');
Insert into PATENT (APP_NUM,NAME,PATENT_TYPE,CLASS_CODE,DESIGNER_ID,PATENTEE_NAME,PROPOSER_NAME,PLACE_CODE,APP_DATE,PUBLIC_NUM,ABSTRACT,MAIN_CLAIM,CLAIM,AGE,IS_VALID,LINK) values ('CN111645554A','一种基于治超站交调指标分析的车辆跟踪方法',0,'H02G3/17??','19','大连理工江苏研究院有限公司','惠州志和包装材料有限公司','310000',to_date('20-3月 -19','DD-MON-RR'),'CN111952614G','本发明公开了一种可对外供电的高速数据卸载设备，包括控制组件、大容量存储组件、接口组件和供电组件；以及可对外供电的高速数据卸载设备的使用方法，包括用户通过控制组件对供电组件、接口组件和大容量存储组件发出控制命令；供电组件解析控制组件发出的供电使能命令后，使相应的三元锂电池对外供电；控制组件通过PCIe接口发送心跳信息查询命令给存储板，接口组件完成PCIe转数据卸载接口功能；本发明能单独给需要卸载数据的存储板供电，同时支持给3个存储板进行供电，无需整个系统上电，节能环保；支持SRIO、GTX、PCIe等多种高速接口。能够支持高达6GB/s以上的数据卸载带宽，减少数据卸载时间，大大减少的卸载时间，提高工作效率。','?1.一种肢体局部给药和透析设备，其特征在于，包括动脉室腔(1)和静脉室腔(2)；所述动脉室腔(1)和静脉室腔(2)为通过连接组件连接的盒体，其中，所述连接组件设置于动脉室腔(1)和静脉室腔(2)之间，所述动脉室腔(1)包括盒体一(3)和盒盖一(4)，所述盒体一(3)前端一侧壁上开设有两个线性阵列的开口槽(301)，所述开口槽(301)底部开设有第一安置槽(302)，所述第一安置槽(302)前端侧壁上开设有滑动槽(303)，所述滑动槽(303)贯穿第一安置槽(302)；所述第一安置槽(302)内滑动设置有封口块(5)，封口块(5)上固定连接有滑动把手(501)，滑动把手(501)与滑动槽(303)相互配合；所述盒体一(3)前端另一侧壁上还开设有楔入口(304)；所述盒盖一(4)一侧壁上开设有两个楔口槽(8)，所述盒盖一(4)另一侧固定连接有卡块(9)，卡块(9)上开设有螺栓孔(901)，所述卡块(9)与楔入口(304)相互配合，卡块(9)通过螺栓和螺栓孔(901)固定在楔入口(304)上；所述静脉室腔(2)包括盒体二(6)和盒盖二(7)；其中盒体二(6)与盒体一(3)相邻紧贴设置，且盒体二(6)与盒体一(3)的前端呈镜像设置；前端为盒盖一(4)和盒盖二(7)所在端，且盒盖一(4)和盒盖二(7)上的结构呈镜像设置；盒体一(3)和盒体二(6)通过镜像设置的开口槽(301)内安放的连接组件连接，连接组件包括镜像设置的两个L形块(10)，L形块(10)前端侧壁设置有贯穿本体的第一通孔(1001)，第一通孔(1001)内设置活动槽(1002)，活动槽(1002)与第一通孔(1001)同轴设置，且活动槽(1002)内径大于第一通孔(1001)内径；所述活动槽(1002)内滑动设置有限位圆块(11)，限位圆块(11)通过连接柱(1101)固定连接有限位圆块二(1102)；限位圆块(11)和限位圆块二(1102)分别位于两端L形块(10)的活动槽(1002)内，且连接柱(1101)与第一通孔(1101)相互配合；连接柱(1101)上还套接有复位弹簧，复位弹簧固定连接在两个L形块(10)之间；所述L形块(10)一侧还开设有滑动倒角(12)；楔口槽(8)与L形块(10)相互配合。','?1.一种肢体局部给药和透析设备，其特征在于，包括动脉室腔(1)和静脉室腔(2)；所述动脉室腔(1)和静脉室腔(2)为通过连接组件连接的盒体，其中，所述连接组件设置于动脉室腔(1)和静脉室腔(2)之间，所述动脉室腔(1)包括盒体一(3)和盒盖一(4)，所述盒体一(3)前端一侧壁上开设有两个线性阵列的开口槽(301)，所述开口槽(301)底部开设有第一安置槽(302)，所述第一安置槽(302)前端侧壁上开设有滑动槽(303)，所述滑动槽(303)贯穿第一安置槽(302)；所述第一安置槽(302)内滑动设置有封口块(5)，封口块(5)上固定连接有滑动把手(501)，滑动把手(501)与滑动槽(303)相互配合；所述盒体一(3)前端另一侧壁上还开设有楔入口(304)；所述盒盖一(4)一侧壁上开设有两个楔口槽(8)，所述盒盖一(4)另一侧固定连接有卡块(9)，卡块(9)上开设有螺栓孔(901)，所述卡块(9)与楔入口(304)相互配合，卡块(9)通过螺栓和螺栓孔(901)固定在楔入口(304)上；所述静脉室腔(2)包括盒体二(6)和盒盖二(7)；其中盒体二(6)与盒体一(3)相邻紧贴设置，且盒体二(6)与盒体一(3)的前端呈镜像设置；前端为盒盖一(4)和盒盖二(7)所在端，且盒盖一(4)和盒盖二(7)上的结构呈镜像设置；盒体一(3)和盒体二(6)通过镜像设置的开口槽(301)内安放的连接组件连接，连接组件包括镜像设置的两个L形块(10)，L形块(10)前端侧壁设置有贯穿本体的第一通孔(1001)，第一通孔(1001)内设置活动槽(1002)，活动槽(1002)与第一通孔(1001)同轴设置，且活动槽(1002)内径大于第一通孔(1001)内径；所述活动槽(1002)内滑动设置有限位圆块(11)，限位圆块(11)通过连接柱(1101)固定连接有限位圆块二(1102)；限位圆块(11)和限位圆块二(1102)分别位于两端L形块(10)的活动槽(1002)内，且连接柱(1101)与第一通孔(1101)相互配合；连接柱(1101)上还套接有复位弹簧，复位弹簧固定连接在两个L形块(10)之间；所述L形块(10)一侧还开设有滑动倒角(12)；楔口槽(8)与L形块(10)相互配合。',1,'1','http://cprs.patentstar.com.cn/Search/Detail?ANE=9CGB6GAA9HDD8BHA9GEC6ECA9EAA9GGEAGIA3DAA9AFE8CEA');
Insert into PATENT (APP_NUM,NAME,PATENT_TYPE,CLASS_CODE,DESIGNER_ID,PATENTEE_NAME,PROPOSER_NAME,PLACE_CODE,APP_DATE,PUBLIC_NUM,ABSTRACT,MAIN_CLAIM,CLAIM,AGE,IS_VALID,LINK) values ('CN111645555A','基于多任务的小样本学习的裁判文书争议焦点提取方法',0,'H02G3/18??','19','大连理工江苏研究院有限公司','惠州志和包装材料有限公司','310000',to_date('21-3月 -19','DD-MON-RR'),'CN111952615G','本发明提供一种广角镜头，从物侧到成像面依次由第一透镜、第二透镜、第三透镜、光阑、第四透镜、第五透镜、第六透镜、第七透镜以及滤光片组成；第一透镜满足以下条件式：1.5＜r1/r2＜2.5；?2＜f1/f＜?1；0＜ωD/ωmax＜0.6；2＜LD/Lmax＜3；r1、r2分别表示第一透镜的物侧面和像侧面的曲率半径，f1表示第一透镜的焦距，f表示广角镜头的焦距，ωD表示第一透镜的物侧面边缘口径处的面倾角，ωmax表示第一透镜的物侧面全口径中的最大面倾角，LD表示第一透镜的物侧面边缘口径处的面倾角所在位置的径向长度，Lmax表示第一透镜的物侧面全口径中的最大面倾角所在位置的径向长度。本发明提供的广角镜头体积小、像素高、对远景物体成像更清晰。本发明还提供一种成像设备。','1.一种分布式液位平衡型竖向阻尼器，其特征在于，包括至少两个第一水箱(10)、至少一个第二水箱(20)、用于连通相邻第一水箱(10)和第二水箱(20)的液位平衡连通管(30)；所述第一水箱(10)顶部设有调压孔(60)，所述第一水箱(10)内设置有至少一个挡板(40)，所述挡板(40)通过固定组件(50)固定在第一水箱(10)上；所述第二水箱(20)顶部设置有密闭空气室(70)。','1.一种分布式液位平衡型竖向阻尼器，其特征在于，包括至少两个第一水箱(10)、至少一个第二水箱(20)、用于连通相邻第一水箱(10)和第二水箱(20)的液位平衡连通管(30)；所述第一水箱(10)顶部设有调压孔(60)，所述第一水箱(10)内设置有至少一个挡板(40)，所述挡板(40)通过固定组件(50)固定在第一水箱(10)上；所述第二水箱(20)顶部设置有密闭空气室(70)。',1,'1','http://cprs.patentstar.com.cn/Search/Detail?ANE=9FFD9HCA8BFA2BBA3ACA1ABA9BFC5CCA9CHC9HFE8ACABHIA');
Insert into PATENT (APP_NUM,NAME,PATENT_TYPE,CLASS_CODE,DESIGNER_ID,PATENTEE_NAME,PROPOSER_NAME,PLACE_CODE,APP_DATE,PUBLIC_NUM,ABSTRACT,MAIN_CLAIM,CLAIM,AGE,IS_VALID,LINK) values ('CN111645556A','基于多维度语义联合建模的多用户案例检索系统',1,'H02G3/19??','20','大连理工江苏研究院有限公司','惠州志和包装材料有限公司','310000',to_date('22-3月 -19','DD-MON-RR'),'CN111952616G','本发明公开了基于梯度方向约束的边缘跟踪直线段快速检测装置及方法，该方法包括：获得图像的单像素的边缘点；根据梯度的约束，当且仅当搜索到的相邻边缘点的梯度切向与已经跟踪到的直线段的延伸方向的差值小于阈值时才对相邻边缘点进行连接，获得直线段；对得到的初始直线段，即边缘段，求出其两个端点间的距离l与边缘段上的各点到连接两个端点的直线间的最大距离d之间的比值，该比值表征该边缘段作为直线的显著程度，判断该边缘段是否应作为曲线段而被分割为多个直线段；以及进行直线段判定，剔除虚假直线段。本发明进行直线段检测的速度快，对不同的图像尺度和对比度水平的适应能力强。','1.一种测试混凝土开裂情况下焊钉抗剪性能的试验方法，其特征在于，包括以下步骤：(1)把试件放置到试验框架中；试件包括工字型混凝土试件和钢结构，所述工字型混凝土试件包括上翼缘块体、下翼缘块体和腹板块体，所述工字型混凝土试件的腹板块体的前后侧设置有所述钢结构，所述钢结构与所述工字型混凝土试件之间通过焊钉连接，所述腹板块体上设置有横向刻槽；(2)在工字型混凝土试件的上翼缘块体和下翼缘块体之间放置千斤顶，然后同步对称施加压力，使得每一个千斤顶的上、下端分别与上翼缘块体的下表面和下翼缘块体的上表面接触顶紧，千斤顶继续施加压力使得腹板块体沿着刻槽的位置发生开裂，得到开展状态的混凝土，根据裂缝宽度需要的大小调整好千斤顶的力，并进行锁定保持该力不变；(3)所述试验框架内设置有上平台和下平台，所述上平台设置于所述工字型混凝土试件的顶部，所述下平台设置于所述工字型混凝土试件的底部，所述上平台与所述上翼缘块体之间留有竖向空间，所述上平台与所述试验框架的上横梁之间设置有竖向加载油缸，两个所述钢结构底部悬空，两个所述钢结构的顶端凸出于所述上翼缘块体的顶端面，竖向加载油缸通过上平台对钢结构施加压力，直到焊钉被剪断为止，得到焊钉的抗剪承载力。','1.一种测试混凝土开裂情况下焊钉抗剪性能的试验方法，其特征在于，包括以下步骤：(1)把试件放置到试验框架中；试件包括工字型混凝土试件和钢结构，所述工字型混凝土试件包括上翼缘块体、下翼缘块体和腹板块体，所述工字型混凝土试件的腹板块体的前后侧设置有所述钢结构，所述钢结构与所述工字型混凝土试件之间通过焊钉连接，所述腹板块体上设置有横向刻槽；(2)在工字型混凝土试件的上翼缘块体和下翼缘块体之间放置千斤顶，然后同步对称施加压力，使得每一个千斤顶的上、下端分别与上翼缘块体的下表面和下翼缘块体的上表面接触顶紧，千斤顶继续施加压力使得腹板块体沿着刻槽的位置发生开裂，得到开展状态的混凝土，根据裂缝宽度需要的大小调整好千斤顶的力，并进行锁定保持该力不变；(3)所述试验框架内设置有上平台和下平台，所述上平台设置于所述工字型混凝土试件的顶部，所述下平台设置于所述工字型混凝土试件的底部，所述上平台与所述上翼缘块体之间留有竖向空间，所述上平台与所述试验框架的上横梁之间设置有竖向加载油缸，两个所述钢结构底部悬空，两个所述钢结构的顶端凸出于所述上翼缘块体的顶端面，竖向加载油缸通过上平台对钢结构施加压力，直到焊钉被剪断为止，得到焊钉的抗剪承载力。',1,'1','http://cprs.patentstar.com.cn/Search/Detail?ANE=9FIG7CFA9EHE9IBA9DHC9DHB9FFG5BDA5AEA9IDC9BGC9DHC');
Insert into PATENT (APP_NUM,NAME,PATENT_TYPE,CLASS_CODE,DESIGNER_ID,PATENTEE_NAME,PROPOSER_NAME,PLACE_CODE,APP_DATE,PUBLIC_NUM,ABSTRACT,MAIN_CLAIM,CLAIM,AGE,IS_VALID,LINK) values ('CN111645557A','一种法律文件自助生成的方法',0,'H02G3/20??','20','大连理工江苏研究院有限公司','惠州志和包装材料有限公司','310000',to_date('23-3月 -19','DD-MON-RR'),'CN111952617G','本公开的实施例涉及用于消息分发的方法、电子设备和计算机存储介质，涉及信息处理领域。根据该方法，从订阅方设备接收消息订阅请求，消息订阅请求包括订阅主题、订阅标签和消息格式转换规则；生成订阅主题、订阅标签、消息格式转换规则和订阅方设备之间的第一关联；如果确定从发送方设备接收到包括第一主题和第一标签的第一消息，基于第一关联，确定与第一主题和第一标签相关联的第一订阅方设备；基于与第一订阅方设备相关联的消息格式转换规则和第一消息，生成第二消息；以及向第一订阅方设备发送第二消息。由此，基于消息订阅请求中的消息格式转换规则将符合订阅主题和订阅标签的消息转换后发送给订阅方，提高消息格式转换的效率和灵活性。','?1.一种荧光标记的人三阴性乳腺癌骨转移细胞株，其特征在于通过下述的方法制备而成：1）一个培养人源三阴性乳腺癌细胞MDA-MB-231的步骤；2）扩增含有红色荧光蛋白RFP的慢病毒载体，利用慢病毒转染细胞的方法，转染MDA-MB-231细胞，制备含有红色荧光标记的MDA-MB-231细胞；3）通过流式细胞仪分选，获得红色荧光RFP-MDA-MB-231细胞；4）将RFP-MDA-MB-231细胞移植到裸鼠第四对乳腺脂肪垫位置，然后进行哺育4-6周成瘤；5）肿瘤直径达到0.8-1.2cm时，处死裸鼠，解剖，取后肢胫骨，无菌环境下，用PH7.4的1xPBS缓冲溶液冲取骨髓，再采用胶原酶消化，获得骨髓来源单细胞，体外培养扩增；6）利用流式细胞分析仪，检测并分选从乳腺肿瘤转移到骨的红色荧光乳腺癌细胞，体外培养扩增，作为P1代乳腺癌骨转移细胞；7）扩增P1代乳腺癌骨转移细胞，移植裸鼠，重复上述第4-第6步，获得P2代乳腺癌骨转移细胞；8）扩增P2代乳腺癌骨转移细胞，移植裸鼠，重复上述第4-第6步，获得P3代乳腺癌骨转移细胞；9）通过上述三轮的裸鼠体内成瘤筛选，得到红色荧光标记的MDA-MB-231人三阴性乳腺癌骨转移细胞株。','?1.一种荧光标记的人三阴性乳腺癌骨转移细胞株，其特征在于通过下述的方法制备而成：1）一个培养人源三阴性乳腺癌细胞MDA-MB-231的步骤；2）扩增含有红色荧光蛋白RFP的慢病毒载体，利用慢病毒转染细胞的方法，转染MDA-MB-231细胞，制备含有红色荧光标记的MDA-MB-231细胞；3）通过流式细胞仪分选，获得红色荧光RFP-MDA-MB-231细胞；4）将RFP-MDA-MB-231细胞移植到裸鼠第四对乳腺脂肪垫位置，然后进行哺育4-6周成瘤；5）肿瘤直径达到0.8-1.2cm时，处死裸鼠，解剖，取后肢胫骨，无菌环境下，用PH7.4的1xPBS缓冲溶液冲取骨髓，再采用胶原酶消化，获得骨髓来源单细胞，体外培养扩增；6）利用流式细胞分析仪，检测并分选从乳腺肿瘤转移到骨的红色荧光乳腺癌细胞，体外培养扩增，作为P1代乳腺癌骨转移细胞；7）扩增P1代乳腺癌骨转移细胞，移植裸鼠，重复上述第4-第6步，获得P2代乳腺癌骨转移细胞；8）扩增P2代乳腺癌骨转移细胞，移植裸鼠，重复上述第4-第6步，获得P3代乳腺癌骨转移细胞；9）通过上述三轮的裸鼠体内成瘤筛选，得到红色荧光标记的MDA-MB-231人三阴性乳腺癌骨转移细胞株。',1,'3','http://cprs.patentstar.com.cn/Search/Detail?ANE=6CCA9IHG9DFB9EFA9EIE8FDA9DIH8GBA9IBH9ADD9CGHABHA');
Insert into PATENT (APP_NUM,NAME,PATENT_TYPE,CLASS_CODE,DESIGNER_ID,PATENTEE_NAME,PROPOSER_NAME,PLACE_CODE,APP_DATE,PUBLIC_NUM,ABSTRACT,MAIN_CLAIM,CLAIM,AGE,IS_VALID,LINK) values ('CN111645558A','一种法律纠纷案件的管理系统及方法',0,'H02G3/21??','20','大连理工江苏研究院有限公司','惠州志和包装材料有限公司','310000',to_date('24-3月 -19','DD-MON-RR'),'CN111952618G','本发明公开了一种可对外供电的高速数据卸载设备，包括控制组件、大容量存储组件、接口组件和供电组件；以及可对外供电的高速数据卸载设备的使用方法，包括用户通过控制组件对供电组件、接口组件和大容量存储组件发出控制命令；供电组件解析控制组件发出的供电使能命令后，使相应的三元锂电池对外供电；控制组件通过PCIe接口发送心跳信息查询命令给存储板，接口组件完成PCIe转数据卸载接口功能；本发明能单独给需要卸载数据的存储板供电，同时支持给3个存储板进行供电，无需整个系统上电，节能环保；支持SRIO、GTX、PCIe等多种高速接口。能够支持高达6GB/s以上的数据卸载带宽，减少数据卸载时间，大大减少的卸载时间，提高工作效率。','?1.一种带自封袋的试剂瓶，包括瓶体，及用于封盖瓶体上端瓶口的瓶盖，其特征在于：所述瓶体的外壁固定有储袋仓，储袋仓内存放有自封袋，储袋仓上开设有用于抽出自封袋的仓口，所述自封袋的袋口边缘部位从储袋仓的仓口伸出；所述瓶盖上设有可转动的转杆，转杆上设有一个软质连接带，软质连接带的一端与转杆固接，软质连接带的另一端与自封袋的袋口边缘部固接。','?1.一种带自封袋的试剂瓶，包括瓶体，及用于封盖瓶体上端瓶口的瓶盖，其特征在于：所述瓶体的外壁固定有储袋仓，储袋仓内存放有自封袋，储袋仓上开设有用于抽出自封袋的仓口，所述自封袋的袋口边缘部位从储袋仓的仓口伸出；所述瓶盖上设有可转动的转杆，转杆上设有一个软质连接带，软质连接带的一端与转杆固接，软质连接带的另一端与自封袋的袋口边缘部固接。',1,'1','http://cprs.patentstar.com.cn/Search/Detail?ANE=9IDE9IDC9IFG9HEC9DFA8GCAEIIA9GHGCHHA2ACA9HCBBCIA');
Insert into PATENT (APP_NUM,NAME,PATENT_TYPE,CLASS_CODE,DESIGNER_ID,PATENTEE_NAME,PROPOSER_NAME,PLACE_CODE,APP_DATE,PUBLIC_NUM,ABSTRACT,MAIN_CLAIM,CLAIM,AGE,IS_VALID,LINK) values ('CN111645559A','一种法律案件全流程处理系统和方法',0,'H02G3/22??','20','大连理工江苏研究院有限公司','惠州志和包装材料有限公司','310000',to_date('25-3月 -19','DD-MON-RR'),'CN111952619G','本发明提供一种广角镜头，从物侧到成像面依次由第一透镜、第二透镜、第三透镜、光阑、第四透镜、第五透镜、第六透镜、第七透镜以及滤光片组成；第一透镜满足以下条件式：1.5＜r1/r2＜2.5；?2＜f1/f＜?1；0＜ωD/ωmax＜0.6；2＜LD/Lmax＜3；r1、r2分别表示第一透镜的物侧面和像侧面的曲率半径，f1表示第一透镜的焦距，f表示广角镜头的焦距，ωD表示第一透镜的物侧面边缘口径处的面倾角，ωmax表示第一透镜的物侧面全口径中的最大面倾角，LD表示第一透镜的物侧面边缘口径处的面倾角所在位置的径向长度，Lmax表示第一透镜的物侧面全口径中的最大面倾角所在位置的径向长度。本发明提供的广角镜头体积小、像素高、对远景物体成像更清晰。本发明还提供一种成像设备。',' 1.一种广角镜头，其特征在于，从物侧到成像面依次由第一透镜、第二透镜、第三透镜、光阑、第四透镜、第五透镜、第六透镜、第七透镜以及滤光片组成；所述第一透镜具有负光焦度，所述第一透镜的物侧面为凸面、像侧面为凹面；所述第二透镜的物侧面为凹面、像侧面为凸面；所述第三透镜具有正光焦度，所述第三透镜的物侧面为凸面，所述第三透镜的像侧面为凹面或凸面；所述第四透镜具有正光焦度，所述第四透镜的物侧面为凸面，所述第四透镜的像侧面为凹面或凸面；所述第五透镜具有正光焦度，所述第五透镜的物侧面和像侧面均为凸面；所述第六透镜具有负光焦度，所述第六透镜的物侧面为凹面，且所述第五透镜和所述第六透镜组成粘合体；所述第七透镜的物侧面在近光轴处为凸面，所述第七透镜的像侧面在近光轴处为凹面，且所述第七透镜的物侧面和像侧面均至少有一个反曲点；所述第一透镜满足以下条件式：1.5＜r1/r2＜2.5；-2＜f1/f＜-1；0＜ωD/ωmax＜0.6；2＜LD/Lmax＜3；其中，r1表示所述第一透镜的物侧面的曲率半径，r2表示所述第一透镜的像侧面的曲率半径，f1表示所述第一透镜的焦距，f表示所述广角镜头的焦距，ωD表示所述第一透镜的物侧面边缘口径处的面倾角，ωmax表示所述第一透镜的物侧面全口径中的最大面倾角，LD表示所述第一透镜的物侧面边缘口径处的面倾角所在位置的径向长度，Lmax表示所述第一透镜的物侧面全口径中的最大面倾角所在位置的径向长度。','1.一种广角镜头，其特征在于，从物侧到成像面依次由第一透镜、第二透镜、第三透镜、光阑、第四透镜、第五透镜、第六透镜、第七透镜以及滤光片组成；所述第一透镜具有负光焦度，所述第一透镜的物侧面为凸面、像侧面为凹面；所述第二透镜的物侧面为凹面、像侧面为凸面；所述第三透镜具有正光焦度，所述第三透镜的物侧面为凸面，所述第三透镜的像侧面为凹面或凸面；所述第四透镜具有正光焦度，所述第四透镜的物侧面为凸面，所述第四透镜的像侧面为凹面或凸面；所述第五透镜具有正光焦度，所述第五透镜的物侧面和像侧面均为凸面；所述第六透镜具有负光焦度，所述第六透镜的物侧面为凹面，且所述第五透镜和所述第六透镜组成粘合体；所述第七透镜的物侧面在近光轴处为凸面，所述第七透镜的像侧面在近光轴处为凹面，且所述第七透镜的物侧面和像侧面均至少有一个反曲点；所述第一透镜满足以下条件式：1.5＜r1/r2＜2.5；-2＜f1/f＜-1；0＜ωD/ωmax＜0.6；2＜LD/Lmax＜3；其中，r1表示所述第一透镜的物侧面的曲率半径，r2表示所述第一透镜的像侧面的曲率半径，f1表示所述第一透镜的焦距，f表示所述广角镜头的焦距，ωD表示所述第一透镜的物侧面边缘口径处的面倾角，ωmax表示所述第一透镜的物侧面全口径中的最大面倾角，LD表示所述第一透镜的物侧面边缘口径处的面倾角所在位置的径向长度，Lmax表示所述第一透镜的物侧面全口径中的最大面倾角所在位置的径向长度。',1,'1','http://cprs.patentstar.com.cn/Search/Detail?ANE=8ECA1ABA2AAA7EDA9GDB5FAA9HBD9DBD9EID4ABAAAIA3BAA');
REM INSERTING into PERSON
SET DEFINE OFF;
Insert into PERSON (ID,NAME,ADDRESS,PHONE_NUM,EMAIL) values ('ZHANGYAOHUI','张耀辉',null,null,null);
Insert into PERSON (ID,NAME,ADDRESS,PHONE_NUM,EMAIL) values ('ZHENGLI','郑立',null,null,null);
Insert into PERSON (ID,NAME,ADDRESS,PHONE_NUM,EMAIL) values ('1','董小龙',null,null,null);
Insert into PERSON (ID,NAME,ADDRESS,PHONE_NUM,EMAIL) values ('2','刘毅',null,null,null);
Insert into PERSON (ID,NAME,ADDRESS,PHONE_NUM,EMAIL) values ('3','夏炎',null,null,null);
Insert into PERSON (ID,NAME,ADDRESS,PHONE_NUM,EMAIL) values ('4','韩金龙',null,null,null);
Insert into PERSON (ID,NAME,ADDRESS,PHONE_NUM,EMAIL) values ('5','李强',null,null,null);
Insert into PERSON (ID,NAME,ADDRESS,PHONE_NUM,EMAIL) values ('6','刘谋',null,null,null);
Insert into PERSON (ID,NAME,ADDRESS,PHONE_NUM,EMAIL) values ('7','李吉龙',null,null,null);
Insert into PERSON (ID,NAME,ADDRESS,PHONE_NUM,EMAIL) values ('8','刘广峰',null,null,null);
Insert into PERSON (ID,NAME,ADDRESS,PHONE_NUM,EMAIL) values ('9','鲁斯帆',null,null,null);
Insert into PERSON (ID,NAME,ADDRESS,PHONE_NUM,EMAIL) values ('10','朱文婷',null,null,null);
Insert into PERSON (ID,NAME,ADDRESS,PHONE_NUM,EMAIL) values ('11','张志鹏',null,null,null);
Insert into PERSON (ID,NAME,ADDRESS,PHONE_NUM,EMAIL) values ('12','王振华',null,null,null);
Insert into PERSON (ID,NAME,ADDRESS,PHONE_NUM,EMAIL) values ('13','韩庚',null,null,null);
Insert into PERSON (ID,NAME,ADDRESS,PHONE_NUM,EMAIL) values ('14','王志祥',null,null,null);
Insert into PERSON (ID,NAME,ADDRESS,PHONE_NUM,EMAIL) values ('15','李俊',null,null,null);
Insert into PERSON (ID,NAME,ADDRESS,PHONE_NUM,EMAIL) values ('16','何樱',null,null,null);
Insert into PERSON (ID,NAME,ADDRESS,PHONE_NUM,EMAIL) values ('17','王一刻',null,null,null);
Insert into PERSON (ID,NAME,ADDRESS,PHONE_NUM,EMAIL) values ('18','王嘉麟',null,null,null);
Insert into PERSON (ID,NAME,ADDRESS,PHONE_NUM,EMAIL) values ('19','王竹',null,null,null);
Insert into PERSON (ID,NAME,ADDRESS,PHONE_NUM,EMAIL) values ('20','李欣',null,null,null);
REM INSERTING into PROVINCE
SET DEFINE OFF;
Insert into PROVINCE (CODE,NAME) values ('110000','北京');
Insert into PROVINCE (CODE,NAME) values ('120000','天津');
Insert into PROVINCE (CODE,NAME) values ('130000','河北');
Insert into PROVINCE (CODE,NAME) values ('140000','山西');
Insert into PROVINCE (CODE,NAME) values ('150000','内蒙古');
Insert into PROVINCE (CODE,NAME) values ('210000','辽宁');
Insert into PROVINCE (CODE,NAME) values ('220000','吉林');
Insert into PROVINCE (CODE,NAME) values ('230000','黑龙江');
Insert into PROVINCE (CODE,NAME) values ('310000','上海');
Insert into PROVINCE (CODE,NAME) values ('320000','江苏');
Insert into PROVINCE (CODE,NAME) values ('330000','浙江');
Insert into PROVINCE (CODE,NAME) values ('340000','安徽');
Insert into PROVINCE (CODE,NAME) values ('350000','福建');
Insert into PROVINCE (CODE,NAME) values ('360000','江西');
Insert into PROVINCE (CODE,NAME) values ('370000','山东');
Insert into PROVINCE (CODE,NAME) values ('410000','河南');
Insert into PROVINCE (CODE,NAME) values ('420000','湖北');
Insert into PROVINCE (CODE,NAME) values ('430000','湖南');
Insert into PROVINCE (CODE,NAME) values ('440000','广东');
Insert into PROVINCE (CODE,NAME) values ('450000','广西');
Insert into PROVINCE (CODE,NAME) values ('460000','海南');
Insert into PROVINCE (CODE,NAME) values ('500000','重庆');
Insert into PROVINCE (CODE,NAME) values ('510000','四川');
Insert into PROVINCE (CODE,NAME) values ('520000','贵州');
Insert into PROVINCE (CODE,NAME) values ('530000','云南');
Insert into PROVINCE (CODE,NAME) values ('540000','西藏');
Insert into PROVINCE (CODE,NAME) values ('610000','陕西');
Insert into PROVINCE (CODE,NAME) values ('620000','甘肃');
Insert into PROVINCE (CODE,NAME) values ('630000','青海');
Insert into PROVINCE (CODE,NAME) values ('640000','宁夏');
Insert into PROVINCE (CODE,NAME) values ('650000','新疆');
Insert into PROVINCE (CODE,NAME) values ('710000','台湾');
Insert into PROVINCE (CODE,NAME) values ('810000','香港');
Insert into PROVINCE (CODE,NAME) values ('820000','澳门');
Insert into PROVINCE (CODE,NAME) values ('233333','测试数据');
Insert into PROVINCE (CODE,NAME) values ('000000','测试数据');
Insert into PROVINCE (CODE,NAME) values ('999999','测试');
REM INSERTING into PROXY
SET DEFINE OFF;
Insert into PROXY (APP_NUM,AGENT_ID,AGENCY) values ('CN96120119','ZHENGLI','中原信达知识产权代理有限责任公司');
REM INSERTING into USR
SET DEFINE OFF;
REM INSERTING into RELATED_FILED
SET DEFINE OFF;
